-- phpMyAdmin SQL Dump
-- version 3.5.3
-- http://www.phpmyadmin.net
--
-- Servidor: localhost
-- Tempo de Geração: 
-- Versão do Servidor: 5.5.28
-- Versão do PHP: 5.3.18

SET SQL_MODE="NO_AUTO_VALUE_ON_ZERO";
SET time_zone = "+00:00";


/*!40101 SET @OLD_CHARACTER_SET_CLIENT=@@CHARACTER_SET_CLIENT */;
/*!40101 SET @OLD_CHARACTER_SET_RESULTS=@@CHARACTER_SET_RESULTS */;
/*!40101 SET @OLD_COLLATION_CONNECTION=@@COLLATION_CONNECTION */;
/*!40101 SET NAMES utf8 */;

--
-- Banco de Dados: frete
--

-- --------------------------------------------------------

--
-- Estrutura da tabela amfrete_calculo
--

CREATE TABLE IF NOT EXISTS amfrete_calculo (
  id_calculo int(10) NOT NULL AUTO_INCREMENT COMMENT 'Identificador da memória do cálculo.',
  empresa_prop int(10) NOT NULL COMMENT 'Parametro de entrada (empresa).',
  transportadora int(10) NOT NULL COMMENT 'Parametro de entrada (transportadora).',
  familia_produto int(10) NOT NULL COMMENT 'Parametro de entrada (família de produto).',
  orig_dest int(10) NOT NULL COMMENT 'Parametro de entrada (Cidade Origem/Destino).',
  data date NOT NULL COMMENT 'Parametro de entrada (data).',
  vlr_nota decimal(16,4) NOT NULL COMMENT 'Parametro de entrada (vlr_nota).',
  distancia decimal(16,4) NOT NULL COMMENT 'Parametro de entrada (distancia).',
  peso decimal(16,4) NOT NULL COMMENT 'Parametro de entrada (peso).',
  perc_icms decimal(16,4) NOT NULL COMMENT 'Parametro de entrada (percentual de ICMS).',
  usuario_inst int(10) NOT NULL COMMENT 'Usuário responsável pela inclusão/alteração.',
  dt_inst timestamp NOT NULL DEFAULT CURRENT_TIMESTAMP ON UPDATE CURRENT_TIMESTAMP COMMENT 'Data da inclusão/alteração.',
  PRIMARY KEY (id_calculo),
  KEY FKAMFRETE_CALCULO_ASUSUARIO (usuario_inst),
  KEY FKAMFRETE_CALCULO_FAMILIA_PRD (familia_produto),
  KEY FKAMFRETE_CALCULO_FTTRANSPOR (transportadora),
  KEY FKAMFRETE_CALCULO_ORIG_DEST (orig_dest),
  KEY FKAMFRETE_CALCULO_USEMP_PROP (empresa_prop)
) ENGINE=InnoDB DEFAULT CHARSET=latin1 AUTO_INCREMENT=1 ;

-- --------------------------------------------------------

--
-- Estrutura da tabela amfrete_calculo_det
--

CREATE TABLE IF NOT EXISTS amfrete_calculo_det (
  id_calculo_det int(10) NOT NULL AUTO_INCREMENT COMMENT 'Identificador do cálculo detalhe',
  calculo int(10) NOT NULL COMMENT 'Identificador do cálculo.',
  frete_peso int(10) DEFAULT NULL COMMENT 'Resultado de saída (frete peso).',
  frete_variavel int(10) DEFAULT NULL COMMENT 'Resultado de saída (frete variável).',
  tp_faixa int(10) DEFAULT NULL COMMENT 'Resultado de saída (tipo de faixa).',
  tp_calc_valor int(10) NOT NULL COMMENT 'Resultado de saída (tipo de cálculo do valor).',
  vlr_variavel decimal(16,4) NOT NULL COMMENT 'Resultado de saída (valor da variável).',
  vlr_resultado decimal(16,4) NOT NULL COMMENT 'Resultado de saída (valor do resultado).',
  fg_incide_icms varchar(1) NOT NULL COMMENT 'Indica se incide ICMS na variável.',
  fg_automatico varchar(1) NOT NULL COMMENT 'Gerado automaticamente? [S]im ou [N]ão',
  usuario_inst int(10) NOT NULL COMMENT 'Usuário responsável pela inclusão/alteração.',
  dt_inst timestamp NOT NULL DEFAULT CURRENT_TIMESTAMP ON UPDATE CURRENT_TIMESTAMP COMMENT 'Data da inclusão/alteração.',
  PRIMARY KEY (id_calculo_det),
  UNIQUE KEY UNAMFRETE_CALCULO_DET (calculo,frete_peso,frete_variavel,tp_faixa,tp_calc_valor,vlr_variavel),
  KEY FKAMFR_CALC_DET_ASUSUARIO (usuario_inst),
  KEY FKAMFR_CALC_DET_AMFR_PESO (frete_peso),
  KEY FKAMFR_CALC_DET_AMFR_TP_CALC (tp_calc_valor),
  KEY FKAMFR_CALC_DET_AMFR_TP_FAIXA (tp_faixa),
  KEY FKAMFR_CALC_DET_AMFR_VARIAVEL (frete_variavel)
) ENGINE=InnoDB DEFAULT CHARSET=latin1 AUTO_INCREMENT=1 ;

-- --------------------------------------------------------

--
-- Estrutura da tabela amfrete_controle
--

CREATE TABLE IF NOT EXISTS amfrete_controle (
  id_controle int(10) NOT NULL AUTO_INCREMENT COMMENT 'Identificador da tabela de controle.',
  dt_inicio date NOT NULL COMMENT 'Data início do controle.',
  dt_fim date NOT NULL COMMENT 'Data fim do controle.',
  percentual_icms decimal(5,2) NOT NULL COMMENT 'Percentual de ICMS padrão para uso no cálculo.',
  usuario_inst int(10) NOT NULL COMMENT 'Usuário responsábel pelo cadastro.',
  dt_inst timestamp NOT NULL DEFAULT CURRENT_TIMESTAMP ON UPDATE CURRENT_TIMESTAMP COMMENT 'Data do cadastro.',
  PRIMARY KEY (id_controle),
  KEY FKAMFRETE_CONT_ASUSUARIO (usuario_inst)
) ENGINE=InnoDB  DEFAULT CHARSET=latin1 AUTO_INCREMENT=2 ;

--
-- Extraindo dados da tabela amfrete_controle
--

INSERT INTO amfrete_controle (id_controle, dt_inicio, dt_fim, percentual_icms, usuario_inst, dt_inst) VALUES
(1, '1900-01-01', '2099-12-31', '12.00', 1, '2013-11-21 22:40:24');

-- --------------------------------------------------------

--
-- Estrutura da tabela amfrete_familia_produto
--

CREATE TABLE IF NOT EXISTS amfrete_familia_produto (
  id_familia_produto int(10) NOT NULL AUTO_INCREMENT COMMENT 'Identificador da família do produto.',
  descricao varchar(30) NOT NULL COMMENT 'Descrição da família do produto.',
  PRIMARY KEY (id_familia_produto),
  UNIQUE KEY descricao (descricao),
  KEY descricao_2 (descricao),
  KEY id_familia_produto (id_familia_produto),
  KEY id_familia_produto_2 (id_familia_produto)
) ENGINE=InnoDB  DEFAULT CHARSET=latin1 AUTO_INCREMENT=5 ;

--
-- Extraindo dados da tabela amfrete_familia_produto
--

INSERT INTO amfrete_familia_produto (id_familia_produto, descricao) VALUES
(2, 'FERRO'),
(1, 'FRACIONADO'),
(3, 'QUÍMICO'),
(4, 'VIDRARIA');

-- --------------------------------------------------------

--
-- Estrutura da tabela amfrete_orig_dest
--

CREATE TABLE IF NOT EXISTS amfrete_orig_dest (
  id_orig_dest int(10) NOT NULL AUTO_INCREMENT COMMENT 'Identificador da rota origem/destino.',
  transportadora int(10) DEFAULT NULL COMMENT 'Identificador da transportadora. Quando a mesma estiver nula, a rota origem/destino é a default.',
  empresa_prop int(10) DEFAULT NULL COMMENT 'Identificador da empresa. Quando a mesma estiver nula, a rota origem/destino é a default.',
  cidade_orig int(10) NOT NULL COMMENT 'Cidade origem da rota.',
  cidade_dest int(10) NOT NULL COMMENT 'Cidade destino da rota.',
  km_total int(10) NOT NULL COMMENT 'Quilometragem total da rota.',
  usuario_inst int(10) NOT NULL COMMENT 'Usuário responsável pela inclusão/alteração.',
  dt_inst timestamp NOT NULL DEFAULT CURRENT_TIMESTAMP ON UPDATE CURRENT_TIMESTAMP COMMENT 'Data da inclusão/alteração.',
  PRIMARY KEY (id_orig_dest),
  UNIQUE KEY UNAMFRETE_ORIG_DEST (transportadora,empresa_prop,cidade_orig,cidade_dest),
  KEY FKAMFRETE_ORIG_DEST_USCD_DEST (cidade_dest),
  KEY FKAMFRETE_ORIG_DEST_USCD_ORIG (cidade_orig),
  KEY FKAMFRETE_ORIG_DEST_USEMP_PRO (empresa_prop),
  KEY FKAMFRETE_ORIG_DEST_ASUSUARIO1 (usuario_inst)
) ENGINE=InnoDB  DEFAULT CHARSET=latin1 AUTO_INCREMENT=587 ;

--
-- Extraindo dados da tabela amfrete_orig_dest
--

INSERT INTO amfrete_orig_dest (id_orig_dest, transportadora, empresa_prop, cidade_orig, cidade_dest, km_total, usuario_inst, dt_inst) VALUES
(1, NULL, NULL, 83, 255, 335, 1, '2014-02-05 22:22:23'),
(2, NULL, NULL, 83, 1042, 453, 1, '2014-02-05 22:22:23'),
(3, NULL, NULL, 83, 220, 318, 1, '2014-02-05 22:22:23'),
(4, NULL, NULL, 257, 255, 48, 1, '2014-02-05 22:22:23'),
(5, NULL, NULL, 257, 1042, 134, 1, '2014-02-05 22:22:23'),
(6, NULL, NULL, 257, 220, 104, 1, '2014-02-05 22:22:23'),
(7, NULL, NULL, 257, 2308, 444, 1, '2014-02-05 22:22:23'),
(8, NULL, NULL, 83, 2308, 662, 1, '2014-02-05 22:22:23'),
(9, NULL, NULL, 213, 255, 26, 1, '2014-02-05 22:22:23'),
(10, NULL, NULL, 213, 1042, 130, 1, '2014-02-05 22:22:23'),
(11, NULL, NULL, 213, 220, 82, 1, '2014-02-05 22:22:23'),
(12, NULL, NULL, 213, 2308, 467, 1, '2014-02-05 22:22:23'),
(13, NULL, NULL, 191, 255, 205, 1, '2014-02-05 22:22:23'),
(14, NULL, NULL, 191, 1042, 328, 1, '2014-02-05 22:22:23'),
(15, NULL, NULL, 191, 220, 192, 1, '2014-02-05 22:22:23'),
(16, NULL, NULL, 191, 2308, 517, 1, '2014-02-05 22:22:23'),
(17, NULL, NULL, 247, 255, 314, 1, '2014-02-05 22:22:23'),
(18, NULL, NULL, 247, 1042, 437, 1, '2014-02-05 22:22:23'),
(19, NULL, NULL, 247, 220, 301, 1, '2014-02-05 22:22:23'),
(20, NULL, NULL, 247, 2308, 654, 1, '2014-02-05 22:22:23'),
(21, NULL, NULL, 105, 255, 325, 1, '2014-02-05 22:22:23'),
(22, NULL, NULL, 105, 1042, 449, 1, '2014-02-05 22:22:23'),
(23, NULL, NULL, 105, 220, 313, 1, '2014-02-05 22:22:23'),
(24, NULL, NULL, 105, 2308, 665, 1, '2014-02-05 22:22:23'),
(25, NULL, NULL, 19, 255, 101, 1, '2014-02-05 22:22:23'),
(26, NULL, NULL, 19, 1042, 214, 1, '2014-02-05 22:22:23'),
(27, NULL, NULL, 19, 220, 119, 1, '2014-02-05 22:22:23'),
(28, NULL, NULL, 19, 2308, 425, 1, '2014-02-05 22:22:23'),
(29, NULL, NULL, 76, 255, 332, 1, '2014-02-05 22:22:23'),
(30, NULL, NULL, 76, 1042, 455, 1, '2014-02-05 22:22:23'),
(31, NULL, NULL, 76, 220, 319, 1, '2014-02-05 22:22:23'),
(32, NULL, NULL, 76, 2308, 633, 1, '2014-02-05 22:22:23'),
(33, NULL, NULL, 144, 255, 173, 1, '2014-02-05 22:22:23'),
(34, NULL, NULL, 144, 1042, 296, 1, '2014-02-05 22:22:23'),
(35, NULL, NULL, 144, 220, 160, 1, '2014-02-05 22:22:23'),
(36, NULL, NULL, 144, 2308, 560, 1, '2014-02-05 22:22:23'),
(37, NULL, NULL, 255, 28, 1026, 1, '2014-02-05 22:22:22'),
(38, NULL, NULL, 1042, 2308, 505, 1, '2014-02-05 22:22:23'),
(39, NULL, NULL, 45, 255, 56, 1, '2014-02-05 22:22:23'),
(40, NULL, NULL, 45, 2308, 494, 1, '2014-02-05 22:22:23'),
(41, NULL, NULL, 45, 1042, 121, 1, '2014-02-05 22:22:23'),
(42, NULL, NULL, 45, 220, 113, 1, '2014-02-05 22:22:23'),
(43, NULL, NULL, 158, 255, 120, 1, '2014-02-05 22:22:23'),
(44, NULL, NULL, 158, 2308, 400, 1, '2014-02-05 22:22:23'),
(45, NULL, NULL, 158, 1042, 224, 1, '2014-02-05 22:22:23'),
(46, NULL, NULL, 158, 220, 155, 1, '2014-02-05 22:22:23'),
(47, NULL, NULL, 78, 255, 24, 1, '2014-02-05 22:22:23'),
(48, NULL, NULL, 78, 2308, 481, 1, '2014-02-05 22:22:23'),
(49, NULL, NULL, 78, 1042, 147, 1, '2014-02-05 22:22:23'),
(50, NULL, NULL, 78, 220, 60, 1, '2014-02-05 22:22:23'),
(51, NULL, NULL, 141, 255, 264, 1, '2014-02-05 22:22:23'),
(52, NULL, NULL, 141, 2308, 645, 1, '2014-02-05 22:22:23'),
(53, NULL, NULL, 141, 1042, 386, 1, '2014-02-05 22:22:23'),
(54, NULL, NULL, 141, 220, 251, 1, '2014-02-05 22:22:24'),
(55, NULL, NULL, 137, 255, 171, 1, '2014-02-05 22:22:24'),
(56, NULL, NULL, 137, 2308, 385, 1, '2014-02-05 22:22:24'),
(57, NULL, NULL, 137, 1042, 285, 1, '2014-02-05 22:22:24'),
(58, NULL, NULL, 137, 220, 189, 1, '2014-02-05 22:22:24'),
(59, NULL, NULL, 223, 255, 149, 1, '2014-02-05 22:22:24'),
(60, NULL, NULL, 223, 2308, 605, 1, '2014-02-05 22:22:24'),
(61, NULL, NULL, 223, 1042, 295, 1, '2014-02-05 22:22:24'),
(62, NULL, NULL, 223, 220, 107, 1, '2014-02-05 22:22:24'),
(63, NULL, NULL, 70, 255, 182, 1, '2014-02-05 22:22:24'),
(64, NULL, NULL, 70, 2308, 342, 1, '2014-02-05 22:22:24'),
(65, NULL, NULL, 70, 1042, 242, 1, '2014-02-05 22:22:24'),
(66, NULL, NULL, 70, 220, 210, 1, '2014-02-05 22:22:24'),
(67, NULL, NULL, 39, 255, 157, 1, '2014-02-05 22:22:24'),
(68, NULL, NULL, 39, 2308, 406, 1, '2014-02-05 22:22:24'),
(69, NULL, NULL, 39, 1042, 270, 1, '2014-02-05 22:22:24'),
(70, NULL, NULL, 39, 220, 175, 1, '2014-02-05 22:22:24'),
(71, NULL, NULL, 60, 255, 240, 1, '2014-02-05 22:22:24'),
(72, NULL, NULL, 60, 2308, 622, 1, '2014-02-05 22:22:24'),
(73, NULL, NULL, 60, 1042, 363, 1, '2014-02-05 22:22:24'),
(74, NULL, NULL, 60, 220, 227, 1, '2014-02-05 22:22:24'),
(75, NULL, NULL, 947, 255, 213, 1, '2014-02-05 22:22:22'),
(76, NULL, NULL, 947, 1042, 334, 1, '2014-02-05 22:22:22'),
(77, NULL, NULL, 947, 2308, 594, 1, '2014-02-05 22:22:22'),
(78, NULL, NULL, 947, 220, 200, 1, '2014-02-05 22:22:22'),
(79, NULL, NULL, 20, 255, 147, 1, '2014-02-05 22:22:22'),
(80, NULL, NULL, 20, 1042, 270, 1, '2014-02-05 22:22:22'),
(81, NULL, NULL, 20, 2308, 545, 1, '2014-02-05 22:22:22'),
(82, NULL, NULL, 20, 220, 134, 1, '2014-02-05 22:22:22'),
(83, NULL, NULL, 110, 255, 248, 1, '2014-02-05 22:22:22'),
(84, NULL, NULL, 110, 1042, 371, 1, '2014-02-05 22:22:22'),
(85, NULL, NULL, 110, 2308, 613, 1, '2014-02-05 22:22:22'),
(86, NULL, NULL, 110, 220, 235, 1, '2014-02-05 22:22:22'),
(87, NULL, NULL, 15, 255, 358, 1, '2014-02-05 22:22:22'),
(88, NULL, NULL, 15, 1042, 374, 1, '2014-02-05 22:22:22'),
(89, NULL, NULL, 15, 2308, 141, 1, '2014-02-05 22:22:22'),
(90, NULL, NULL, 15, 220, 386, 1, '2014-02-05 22:22:22'),
(91, NULL, NULL, 238, 255, 114, 1, '2014-02-05 22:22:22'),
(92, NULL, NULL, 238, 1042, 227, 1, '2014-02-05 22:22:22'),
(93, NULL, NULL, 238, 2308, 464, 1, '2014-02-05 22:22:22'),
(94, NULL, NULL, 238, 220, 129, 1, '2014-02-05 22:22:22'),
(95, NULL, NULL, 198, 255, 66, 1, '2014-02-05 22:22:22'),
(96, NULL, NULL, 198, 1042, 114, 1, '2014-02-05 22:22:22'),
(97, NULL, NULL, 198, 2308, 460, 1, '2014-02-05 22:22:22'),
(98, NULL, NULL, 198, 220, 122, 1, '2014-02-05 22:22:22'),
(99, NULL, NULL, 224, 255, 83, 1, '2014-02-05 22:22:22'),
(100, NULL, NULL, 224, 1042, 206, 1, '2014-02-05 22:22:22'),
(101, NULL, NULL, 224, 2308, 537, 1, '2014-02-05 22:22:22'),
(102, NULL, NULL, 224, 220, 70, 1, '2014-02-05 22:22:22'),
(103, NULL, NULL, 233, 255, 335, 1, '2014-02-05 22:22:22'),
(104, NULL, NULL, 233, 1042, 457, 1, '2014-02-05 22:22:22'),
(105, NULL, NULL, 233, 2308, 675, 1, '2014-02-05 22:22:22'),
(106, NULL, NULL, 233, 220, 322, 1, '2014-02-05 22:22:22'),
(107, NULL, NULL, 33, 255, 225, 1, '2014-02-05 22:22:22'),
(108, NULL, NULL, 33, 1042, 338, 1, '2014-02-05 22:22:22'),
(109, NULL, NULL, 33, 2308, 328, 1, '2014-02-05 22:22:22'),
(110, NULL, NULL, 33, 220, 243, 1, '2014-02-05 22:22:22'),
(111, NULL, NULL, 118, 255, 153, 1, '2014-02-05 22:22:22'),
(112, NULL, NULL, 118, 1042, 245, 1, '2014-02-05 22:22:22'),
(113, NULL, NULL, 118, 2308, 348, 1, '2014-02-05 22:22:22'),
(114, NULL, NULL, 118, 220, 182, 1, '2014-02-05 22:22:22'),
(115, NULL, NULL, 11, 255, 466, 1, '2014-02-05 22:22:22'),
(116, NULL, NULL, 11, 1042, 482, 1, '2014-02-05 22:22:22'),
(117, NULL, NULL, 11, 2308, 32, 1, '2014-02-05 22:22:22'),
(118, NULL, NULL, 11, 220, 494, 1, '2014-02-05 22:22:22'),
(119, NULL, NULL, 282, 255, 271, 1, '2014-02-05 22:22:22'),
(120, NULL, NULL, 282, 1042, 393, 1, '2014-02-05 22:22:22'),
(121, NULL, NULL, 282, 2308, 680, 1, '2014-02-05 22:22:22'),
(122, NULL, NULL, 282, 220, 258, 1, '2014-02-05 22:22:22'),
(123, NULL, NULL, 278, 255, 239, 1, '2014-02-05 22:22:22'),
(124, NULL, NULL, 278, 1042, 362, 1, '2014-02-05 22:22:22'),
(125, NULL, NULL, 278, 2308, 621, 1, '2014-02-05 22:22:22'),
(126, NULL, NULL, 278, 220, 226, 1, '2014-02-05 22:22:22'),
(127, NULL, NULL, 407, 255, 371, 1, '2014-02-05 22:22:22'),
(128, NULL, NULL, 407, 1042, 477, 1, '2014-02-05 22:22:22'),
(129, NULL, NULL, 407, 2308, 304, 1, '2014-02-05 22:22:22'),
(130, NULL, NULL, 407, 220, 399, 1, '2014-02-05 22:22:22'),
(131, NULL, NULL, 167, 255, 110, 1, '2014-02-05 22:22:22'),
(132, NULL, NULL, 167, 1042, 201, 1, '2014-02-05 22:22:22'),
(133, NULL, NULL, 167, 2308, 404, 1, '2014-02-05 22:22:22'),
(134, NULL, NULL, 167, 220, 138, 1, '2014-02-05 22:22:22'),
(135, NULL, NULL, 236, 255, 334, 1, '2014-02-05 22:22:22'),
(136, NULL, NULL, 236, 1042, 457, 1, '2014-02-05 22:22:22'),
(137, NULL, NULL, 236, 2308, 671, 1, '2014-02-05 22:22:22'),
(138, NULL, NULL, 236, 220, 321, 1, '2014-02-05 22:22:22'),
(139, NULL, NULL, 1092, 255, 693, 1, '2014-02-05 22:22:22'),
(140, NULL, NULL, 1092, 1042, 815, 1, '2014-02-05 22:22:22'),
(141, NULL, NULL, 1092, 2308, 822, 1, '2014-02-05 22:22:22'),
(142, NULL, NULL, 1092, 220, 679, 1, '2014-02-05 22:22:22'),
(143, NULL, NULL, 729, 255, 94, 1, '2014-02-05 22:22:23'),
(144, NULL, NULL, 729, 1042, 57, 1, '2014-02-05 22:22:23'),
(145, NULL, NULL, 729, 2308, 465, 1, '2014-02-05 22:22:23'),
(146, NULL, NULL, 729, 220, 150, 1, '2014-02-05 22:22:23'),
(147, NULL, NULL, 327, 255, 224, 1, '2014-02-05 22:22:23'),
(148, NULL, NULL, 327, 1042, 347, 1, '2014-02-05 22:22:23'),
(149, NULL, NULL, 327, 2308, 545, 1, '2014-02-05 22:22:23'),
(150, NULL, NULL, 327, 220, 211, 1, '2014-02-05 22:22:23'),
(151, NULL, NULL, 2871, 255, 149, 1, '2014-02-05 22:22:23'),
(152, NULL, NULL, 2871, 1042, 295, 1, '2014-02-05 22:22:23'),
(153, NULL, NULL, 2871, 2308, 605, 1, '2014-02-05 22:22:23'),
(154, NULL, NULL, 2871, 220, 107, 1, '2014-02-05 22:22:23'),
(155, NULL, NULL, 130, 255, 89, 1, '2014-02-05 22:22:23'),
(156, NULL, NULL, 130, 1042, 181, 1, '2014-02-05 22:22:23'),
(157, NULL, NULL, 130, 2308, 407, 1, '2014-02-05 22:22:23'),
(158, NULL, NULL, 130, 220, 118, 1, '2014-02-05 22:22:23'),
(159, NULL, NULL, 261, 255, 208, 1, '2014-02-05 22:22:23'),
(160, NULL, NULL, 261, 1042, 330, 1, '2014-02-05 22:22:23'),
(161, NULL, NULL, 261, 2308, 589, 1, '2014-02-05 22:22:23'),
(162, NULL, NULL, 261, 220, 195, 1, '2014-02-05 22:22:23'),
(170, NULL, NULL, 243, 255, 234, 1, '2014-02-05 22:22:23'),
(171, NULL, NULL, 243, 1042, 224, 1, '2014-02-05 22:22:23'),
(172, NULL, NULL, 243, 2308, 288, 1, '2014-02-05 22:22:23'),
(173, NULL, NULL, 243, 220, 263, 1, '2014-02-05 22:22:23'),
(176, NULL, NULL, 92, 255, 110, 1, '2014-02-05 22:22:23'),
(177, NULL, NULL, 92, 1042, 63, 1, '2014-02-05 22:22:23'),
(178, NULL, NULL, 92, 2308, 508, 1, '2014-02-05 22:22:23'),
(179, NULL, NULL, 92, 220, 166, 1, '2014-02-05 22:22:23'),
(180, NULL, NULL, 43, 255, 302, 1, '2014-02-05 22:22:23'),
(181, NULL, NULL, 43, 1042, 425, 1, '2014-02-05 22:22:23'),
(182, NULL, NULL, 43, 2308, 684, 1, '2014-02-05 22:22:23'),
(183, NULL, NULL, 43, 220, 289, 1, '2014-02-05 22:22:23'),
(184, NULL, NULL, 229, 255, 201, 1, '2014-02-05 22:22:23'),
(185, NULL, NULL, 229, 1042, 324, 1, '2014-02-05 22:22:23'),
(186, NULL, NULL, 229, 2308, 542, 1, '2014-02-05 22:22:23'),
(187, NULL, NULL, 229, 220, 188, 1, '2014-02-05 22:22:23'),
(188, NULL, NULL, 197, 255, 890, 1, '2014-02-05 22:22:23'),
(189, NULL, NULL, 197, 1042, 1013, 1, '2014-02-05 22:22:23'),
(190, NULL, NULL, 197, 2308, 1003, 1, '2014-02-05 22:22:23'),
(191, NULL, NULL, 197, 220, 877, 1, '2014-02-05 22:22:23'),
(192, NULL, NULL, 1869, 255, 572, 1, '2014-02-05 22:22:23'),
(193, NULL, NULL, 1869, 1042, 663, 1, '2014-02-05 22:22:23'),
(194, NULL, NULL, 1869, 2308, 1086, 1, '2014-02-05 22:22:23'),
(195, NULL, NULL, 1869, 220, 560, 1, '2014-02-05 22:22:23'),
(196, NULL, NULL, 136, 255, 46, 1, '2014-02-05 22:22:23'),
(197, NULL, NULL, 136, 1042, 119, 1, '2014-02-05 22:22:23'),
(198, NULL, NULL, 136, 2308, 478, 1, '2014-02-05 22:22:23'),
(199, NULL, NULL, 136, 220, 102, 1, '2014-02-05 22:22:23'),
(200, NULL, NULL, 81, 255, 696, 1, '2014-02-05 22:22:22'),
(201, NULL, NULL, 81, 220, 687, 1, '2014-02-05 22:22:22'),
(202, NULL, NULL, 81, 2308, 694, 1, '2014-02-05 22:22:22'),
(203, NULL, NULL, 81, 1042, 820, 1, '2014-02-05 22:22:22'),
(204, NULL, NULL, 31, 255, 313, 1, '2014-02-05 22:22:23'),
(205, NULL, NULL, 31, 1042, 435, 1, '2014-02-05 22:22:23'),
(206, NULL, NULL, 31, 220, 300, 1, '2014-02-05 22:22:23'),
(207, NULL, NULL, 31, 2308, 626, 1, '2014-02-05 22:22:23'),
(208, NULL, NULL, 165, 255, 370, 1, '2014-02-05 22:22:22'),
(209, NULL, NULL, 165, 1042, 492, 1, '2014-02-05 22:22:22'),
(210, NULL, NULL, 165, 2308, 709, 1, '2014-02-05 22:22:22'),
(211, NULL, NULL, 165, 220, 357, 1, '2014-02-05 22:22:22'),
(212, NULL, NULL, 1221, 255, 220, 1, '2014-02-05 22:22:22'),
(213, NULL, NULL, 1221, 1042, 342, 1, '2014-02-05 22:22:22'),
(214, NULL, NULL, 1221, 2308, 613, 1, '2014-02-05 22:22:22'),
(215, NULL, NULL, 1221, 220, 161, 1, '2014-02-05 22:22:22'),
(216, NULL, NULL, 1921, 255, 670, 1, '2014-02-05 22:22:22'),
(217, NULL, NULL, 1921, 1042, 793, 1, '2014-02-05 22:22:22'),
(218, NULL, NULL, 1921, 2308, 835, 1, '2014-02-05 22:22:22'),
(219, NULL, NULL, 1921, 220, 657, 1, '2014-02-05 22:22:22'),
(220, NULL, NULL, 179, 255, 310, 1, '2014-02-05 22:22:22'),
(221, NULL, NULL, 179, 1042, 432, 1, '2014-02-05 22:22:22'),
(222, NULL, NULL, 179, 2308, 636, 1, '2014-02-05 22:22:22'),
(223, NULL, NULL, 179, 220, 296, 1, '2014-02-05 22:22:22'),
(224, NULL, NULL, 156, 255, 299, 1, '2014-02-05 22:22:23'),
(225, NULL, NULL, 156, 1042, 406, 1, '2014-02-05 22:22:23'),
(226, NULL, NULL, 156, 2308, 292, 1, '2014-02-05 22:22:23'),
(227, NULL, NULL, 156, 220, 328, 1, '2014-02-05 22:22:23'),
(228, NULL, NULL, 831, 255, 160, 1, '2014-02-05 22:22:23'),
(229, NULL, NULL, 831, 1042, 178, 1, '2014-02-05 22:22:23'),
(230, NULL, NULL, 831, 2308, 340, 1, '2014-02-05 22:22:23'),
(231, NULL, NULL, 831, 220, 216, 1, '2014-02-05 22:22:23'),
(232, NULL, NULL, 178, 255, 77, 1, '2014-02-05 22:22:23'),
(233, NULL, NULL, 178, 1042, 73, 1, '2014-02-05 22:22:23'),
(234, NULL, NULL, 178, 2308, 481, 1, '2014-02-05 22:22:23'),
(235, NULL, NULL, 178, 220, 133, 1, '2014-02-05 22:22:23'),
(236, NULL, NULL, 330, 255, 297, 1, '2014-02-05 22:22:22'),
(237, NULL, NULL, 330, 1042, 420, 1, '2014-02-05 22:22:22'),
(238, NULL, NULL, 330, 2308, 727, 1, '2014-02-05 22:22:22'),
(239, NULL, NULL, 330, 220, 284, 1, '2014-02-05 22:22:22'),
(240, NULL, NULL, 785, 255, 349, 1, '2014-02-05 22:22:23'),
(241, NULL, NULL, 785, 1042, 472, 1, '2014-02-05 22:22:23'),
(242, NULL, NULL, 785, 2308, 688, 1, '2014-02-05 22:22:23'),
(243, NULL, NULL, 785, 220, 336, 1, '2014-02-05 22:22:23'),
(244, NULL, NULL, 1325, 255, 304, 1, '2014-02-05 22:22:23'),
(245, NULL, NULL, 1325, 1042, 427, 1, '2014-02-05 22:22:23'),
(246, NULL, NULL, 1325, 2308, 653, 1, '2014-02-05 22:22:23'),
(247, NULL, NULL, 1325, 220, 291, 1, '2014-02-05 22:22:23'),
(248, NULL, NULL, 212, 255, 349, 1, '2014-02-05 22:22:23'),
(249, NULL, NULL, 212, 1042, 471, 1, '2014-02-05 22:22:23'),
(250, NULL, NULL, 212, 2308, 716, 1, '2014-02-05 22:22:23'),
(251, NULL, NULL, 212, 220, 336, 1, '2014-02-05 22:22:23'),
(252, NULL, NULL, 220, 1042, 196, 1, '2014-02-05 22:22:23'),
(253, NULL, NULL, 220, 255, 74, 1, '2014-02-05 22:22:23'),
(254, NULL, NULL, 193, 255, 77, 1, '2014-02-05 22:22:23'),
(255, NULL, NULL, 193, 1042, 143, 1, '2014-02-05 22:22:23'),
(256, NULL, NULL, 193, 2308, 428, 1, '2014-02-05 22:22:23'),
(257, NULL, NULL, 193, 220, 134, 1, '2014-02-05 22:22:23'),
(258, NULL, NULL, 1975, 255, 240, 1, '2014-02-05 22:22:23'),
(259, NULL, NULL, 1975, 1042, 253, 1, '2014-02-05 22:22:23'),
(260, NULL, NULL, 1975, 2308, 286, 1, '2014-02-05 22:22:23'),
(261, NULL, NULL, 1975, 220, 268, 1, '2014-02-05 22:22:23'),
(262, NULL, NULL, 126, 255, 268, 1, '2014-02-05 22:22:23'),
(263, NULL, NULL, 126, 1042, 391, 1, '2014-02-05 22:22:23'),
(264, NULL, NULL, 126, 2308, 591, 1, '2014-02-05 22:22:23'),
(265, NULL, NULL, 126, 220, 255, 1, '2014-02-05 22:22:23'),
(266, NULL, NULL, 338, 255, 215, 1, '2014-02-05 22:22:24'),
(267, NULL, NULL, 338, 1042, 338, 1, '2014-02-05 22:22:24'),
(268, NULL, NULL, 338, 2308, 596, 1, '2014-02-05 22:22:24'),
(269, NULL, NULL, 338, 220, 202, 1, '2014-02-05 22:22:24'),
(270, NULL, NULL, 1582, 255, 1310, 1, '2014-02-05 22:22:23'),
(271, NULL, NULL, 1582, 1042, 1434, 1, '2014-02-05 22:22:23'),
(272, NULL, NULL, 1582, 2308, 1276, 1, '2014-02-05 22:22:23'),
(273, NULL, NULL, 1582, 220, 1298, 1, '2014-02-05 22:22:23'),
(274, NULL, NULL, 47, 255, 284, 1, '2014-02-05 22:22:23'),
(275, NULL, NULL, 47, 1042, 407, 1, '2014-02-05 22:22:23'),
(276, NULL, NULL, 47, 2308, 617, 1, '2014-02-05 22:22:23'),
(277, NULL, NULL, 47, 220, 271, 1, '2014-02-05 22:22:23'),
(278, NULL, NULL, 255, 2308, 490, 1, '2014-02-05 22:22:23'),
(279, NULL, NULL, 255, 220, 83, 1, '2014-02-05 22:22:23'),
(280, NULL, NULL, 255, 1042, 148, 1, '2014-02-05 22:22:23'),
(281, NULL, NULL, 263, 255, 328, 1, '2014-02-05 22:22:23'),
(282, NULL, NULL, 263, 1042, 451, 1, '2014-02-05 22:22:23'),
(283, NULL, NULL, 263, 2308, 656, 1, '2014-02-05 22:22:23'),
(284, NULL, NULL, 263, 220, 315, 1, '2014-02-05 22:22:23'),
(289, NULL, NULL, 24, 255, 349, 1, '2014-02-05 22:22:23'),
(290, NULL, NULL, 24, 1042, 471, 1, '2014-02-05 22:22:23'),
(291, NULL, NULL, 24, 2308, 688, 1, '2014-02-05 22:22:23'),
(292, NULL, NULL, 24, 220, 336, 1, '2014-02-05 22:22:23'),
(293, NULL, NULL, 35, 255, 604, 1, '2014-02-05 22:22:22'),
(294, NULL, NULL, 35, 1042, 536, 1, '2014-02-05 22:22:22'),
(295, NULL, NULL, 35, 2308, 1030, 1, '2014-02-05 22:22:22'),
(296, NULL, NULL, 35, 220, 592, 1, '2014-02-05 22:22:22'),
(297, NULL, NULL, 84, 255, 486, 1, '2014-02-05 22:22:22'),
(298, NULL, NULL, 84, 1042, 502, 1, '2014-02-05 22:22:22'),
(299, NULL, NULL, 84, 2308, 53, 1, '2014-02-05 22:22:22'),
(300, NULL, NULL, 84, 220, 514, 1, '2014-02-05 22:22:22'),
(301, NULL, NULL, 255, 255, 6, 1, '2014-02-05 22:22:23'),
(302, NULL, NULL, 219, 255, 305, 1, '2014-02-05 22:22:24'),
(303, NULL, NULL, 219, 1042, 450, 1, '2014-02-05 22:22:24'),
(304, NULL, NULL, 219, 2308, 754, 1, '2014-02-05 22:22:24'),
(305, NULL, NULL, 219, 220, 262, 1, '2014-02-05 22:22:24'),
(306, NULL, NULL, 37, 255, 904, 1, '2014-02-05 22:22:24'),
(307, NULL, NULL, 37, 1042, 1027, 1, '2014-02-05 22:22:24'),
(308, NULL, NULL, 37, 2308, 1018, 1, '2014-02-05 22:22:24'),
(309, NULL, NULL, 37, 220, 891, 1, '2014-02-05 22:22:24'),
(310, NULL, NULL, 202, 255, 90, 1, '2014-02-05 22:22:24'),
(311, NULL, NULL, 202, 1042, 213, 1, '2014-02-05 22:22:24'),
(312, NULL, NULL, 202, 2308, 517, 1, '2014-02-05 22:22:24'),
(313, NULL, NULL, 202, 220, 77, 1, '2014-02-05 22:22:24'),
(314, NULL, NULL, 250, 255, 52, 1, '2014-02-05 22:22:22'),
(315, NULL, NULL, 250, 1042, 175, 1, '2014-02-05 22:22:22'),
(316, NULL, NULL, 250, 2308, 496, 1, '2014-02-05 22:22:22'),
(317, NULL, NULL, 250, 220, 23, 1, '2014-02-05 22:22:22'),
(318, NULL, NULL, 128, 255, 124, 1, '2014-02-05 22:22:22'),
(319, NULL, NULL, 128, 1042, 30, 1, '2014-02-05 22:22:22'),
(320, NULL, NULL, 128, 2308, 482, 1, '2014-02-05 22:22:22'),
(321, NULL, NULL, 128, 220, 181, 1, '2014-02-05 22:22:22'),
(322, NULL, NULL, 2964, 255, 1020, 1, '2014-02-05 22:22:22'),
(323, NULL, NULL, 2964, 1042, 1144, 1, '2014-02-05 22:22:22'),
(324, NULL, NULL, 2964, 2308, 978, 1, '2014-02-05 22:22:22'),
(325, NULL, NULL, 2964, 220, 1008, 1, '2014-02-05 22:22:22'),
(326, NULL, NULL, 275, 255, 299, 1, '2014-02-05 22:22:22'),
(327, NULL, NULL, 275, 1042, 176, 1, '2014-02-05 22:22:22'),
(328, NULL, NULL, 275, 2308, 570, 1, '2014-02-05 22:22:22'),
(329, NULL, NULL, 275, 220, 356, 1, '2014-02-05 22:22:22'),
(330, NULL, NULL, 983, 255, 316, 1, '2014-02-05 22:22:22'),
(331, NULL, NULL, 983, 1042, 328, 1, '2014-02-05 22:22:22'),
(332, NULL, NULL, 983, 2308, 188, 1, '2014-02-05 22:22:22'),
(333, NULL, NULL, 983, 220, 344, 1, '2014-02-05 22:22:22'),
(334, NULL, NULL, 258, 255, 300, 1, '2014-02-05 22:22:22'),
(335, NULL, NULL, 258, 1042, 423, 1, '2014-02-05 22:22:22'),
(336, NULL, NULL, 258, 2308, 575, 1, '2014-02-05 22:22:22'),
(337, NULL, NULL, 258, 220, 287, 1, '2014-02-05 22:22:22'),
(338, NULL, NULL, 1228, 255, 290, 1, '2014-02-05 22:22:22'),
(339, NULL, NULL, 1228, 1042, 413, 1, '2014-02-05 22:22:22'),
(340, NULL, NULL, 1228, 2308, 716, 1, '2014-02-05 22:22:22'),
(341, NULL, NULL, 1228, 220, 277, 1, '2014-02-05 22:22:22'),
(342, NULL, NULL, 115, 255, 332, 1, '2014-02-05 22:22:22'),
(343, NULL, NULL, 115, 1042, 455, 1, '2014-02-05 22:22:22'),
(344, NULL, NULL, 115, 2308, 659, 1, '2014-02-05 22:22:22'),
(345, NULL, NULL, 115, 220, 319, 1, '2014-02-05 22:22:22'),
(346, NULL, NULL, 946, 255, 520, 1, '2014-02-05 22:22:22'),
(347, NULL, NULL, 946, 1042, 536, 1, '2014-02-05 22:22:22'),
(348, NULL, NULL, 946, 2308, 36, 1, '2014-02-05 22:22:22'),
(349, NULL, NULL, 946, 220, 548, 1, '2014-02-05 22:22:22'),
(350, NULL, NULL, 25, 255, 276, 1, '2014-02-05 22:22:23'),
(351, NULL, NULL, 5, 255, 72, 1, '2014-02-05 22:22:22'),
(352, NULL, NULL, 5, 1042, 142, 1, '2014-02-05 22:22:22'),
(353, NULL, NULL, 5, 2308, 528, 1, '2014-02-05 22:22:22'),
(354, NULL, NULL, 5, 220, 64, 1, '2014-02-05 22:22:22'),
(355, NULL, NULL, 134, 255, 319, 1, '2014-02-05 22:22:22'),
(356, NULL, NULL, 134, 1042, 442, 1, '2014-02-05 22:22:22'),
(357, NULL, NULL, 134, 2308, 624, 1, '2014-02-05 22:22:22'),
(358, NULL, NULL, 134, 220, 306, 1, '2014-02-05 22:22:22'),
(359, NULL, NULL, 32, 255, 64, 1, '2014-02-05 22:22:22'),
(360, NULL, NULL, 32, 1042, 115, 1, '2014-02-05 22:22:22'),
(361, NULL, NULL, 32, 2308, 501, 1, '2014-02-05 22:22:22'),
(362, NULL, NULL, 32, 220, 120, 1, '2014-02-05 22:22:22'),
(363, NULL, NULL, 87, 1042, 447, 1, '2014-02-05 22:22:23'),
(364, NULL, NULL, 34, 255, 107, 1, '2014-02-05 22:22:23'),
(365, NULL, NULL, 34, 1042, 150, 1, '2014-02-05 22:22:23'),
(366, NULL, NULL, 34, 2308, 398, 1, '2014-02-05 22:22:23'),
(367, NULL, NULL, 34, 220, 164, 1, '2014-02-05 22:22:23'),
(368, NULL, NULL, 82, 255, 105, 1, '2014-02-05 22:22:23'),
(369, NULL, NULL, 82, 1042, 228, 1, '2014-02-05 22:22:23'),
(370, NULL, NULL, 82, 2308, 503, 1, '2014-02-05 22:22:23'),
(371, NULL, NULL, 82, 220, 92, 1, '2014-02-05 22:22:23'),
(372, NULL, NULL, 226, 255, 259, 1, '2014-02-05 22:22:23'),
(373, NULL, NULL, 226, 1042, 382, 1, '2014-02-05 22:22:23'),
(374, NULL, NULL, 226, 2308, 597, 1, '2014-02-05 22:22:23'),
(375, NULL, NULL, 226, 220, 246, 1, '2014-02-05 22:22:23'),
(376, NULL, NULL, 196, 255, 178, 1, '2014-02-05 22:22:23'),
(377, NULL, NULL, 196, 1042, 324, 1, '2014-02-05 22:22:23'),
(378, NULL, NULL, 196, 2308, 632, 1, '2014-02-05 22:22:23'),
(379, NULL, NULL, 196, 220, 135, 1, '2014-02-05 22:22:23'),
(380, NULL, NULL, 9, 255, 197, 1, '2014-02-05 22:22:23'),
(381, NULL, NULL, 9, 1042, 320, 1, '2014-02-05 22:22:23'),
(382, NULL, NULL, 9, 2308, 578, 1, '2014-02-05 22:22:23'),
(383, NULL, NULL, 9, 220, 184, 1, '2014-02-05 22:22:23'),
(384, NULL, NULL, 216, 1042, 810, 1, '2014-02-05 22:22:23'),
(385, NULL, NULL, 216, 255, 682, 1, '2014-02-05 22:22:23'),
(386, NULL, NULL, 216, 2308, 1088, 1, '2014-02-05 22:22:23'),
(387, NULL, NULL, 216, 220, 626, 1, '2014-02-05 22:22:23'),
(388, NULL, NULL, 42, 255, 247, 1, '2014-02-05 22:22:22'),
(389, NULL, NULL, 42, 1042, 360, 1, '2014-02-05 22:22:22'),
(390, NULL, NULL, 42, 2308, 418, 1, '2014-02-05 22:22:22'),
(391, NULL, NULL, 42, 220, 302, 1, '2014-02-05 22:22:22'),
(392, NULL, NULL, 112, 255, 186, 1, '2014-02-05 22:22:23'),
(393, NULL, NULL, 112, 1042, 309, 1, '2014-02-05 22:22:23'),
(394, NULL, NULL, 112, 2308, 540, 1, '2014-02-05 22:22:23'),
(395, NULL, NULL, 112, 220, 173, 1, '2014-02-05 22:22:23'),
(396, NULL, NULL, 237, 255, 328, 1, '2014-02-05 22:22:23'),
(397, NULL, NULL, 237, 1042, 450, 1, '2014-02-05 22:22:23'),
(398, NULL, NULL, 237, 2308, 667, 1, '2014-02-05 22:22:23'),
(399, NULL, NULL, 237, 220, 315, 1, '2014-02-05 22:22:23'),
(400, NULL, NULL, 974, 255, 319, 1, '2014-02-05 22:22:24'),
(401, NULL, NULL, 974, 1042, 425, 1, '2014-02-05 22:22:24'),
(402, NULL, NULL, 974, 2308, 216, 1, '2014-02-05 22:22:24'),
(403, NULL, NULL, 974, 220, 348, 1, '2014-02-05 22:22:24'),
(404, NULL, NULL, 111, 255, 188, 1, '2014-02-05 22:22:24'),
(405, NULL, NULL, 111, 1042, 311, 1, '2014-02-05 22:22:24'),
(406, NULL, NULL, 111, 2308, 510, 1, '2014-02-05 22:22:24'),
(407, NULL, NULL, 111, 220, 175, 1, '2014-02-05 22:22:24'),
(409, NULL, NULL, 267, 255, 113, 1, '2014-02-05 22:22:23'),
(410, NULL, NULL, 267, 1042, 204, 1, '2014-02-05 22:22:23'),
(411, NULL, NULL, 267, 2308, 379, 1, '2014-02-05 22:22:23'),
(412, NULL, NULL, 267, 220, 142, 1, '2014-02-05 22:22:23'),
(413, NULL, NULL, 2068, 255, 724, 1, '2014-02-05 22:22:23'),
(414, NULL, NULL, 2068, 1042, 846, 1, '2014-02-05 22:22:23'),
(415, NULL, NULL, 2068, 2308, 824, 1, '2014-02-05 22:22:23'),
(416, NULL, NULL, 2068, 220, 711, 1, '2014-02-05 22:22:23'),
(417, NULL, NULL, 166, 255, 215, 1, '2014-02-05 22:22:22'),
(418, NULL, NULL, 166, 220, 142, 1, '2014-02-05 22:22:22'),
(419, NULL, NULL, 166, 1042, 338, 1, '2014-02-05 22:22:22'),
(420, NULL, NULL, 166, 2308, 599, 1, '2014-02-05 22:22:22'),
(421, NULL, NULL, 203, 255, 60, 1, '2014-02-05 22:22:22'),
(422, NULL, NULL, 203, 220, 88, 1, '2014-02-05 22:22:22'),
(423, NULL, NULL, 203, 1042, 164, 1, '2014-02-05 22:22:22'),
(424, NULL, NULL, 203, 2308, 433, 1, '2014-02-05 22:22:22'),
(425, NULL, NULL, 215, 255, 273, 1, '2014-02-05 22:22:22'),
(426, NULL, NULL, 215, 220, 160, 1, '2014-02-05 22:22:22'),
(427, NULL, NULL, 215, 1042, 295, 1, '2014-02-05 22:22:22'),
(428, NULL, NULL, 215, 2308, 524, 1, '2014-02-05 22:22:22'),
(429, NULL, NULL, 922, 255, 258, 1, '2014-02-05 22:22:23'),
(430, NULL, NULL, 922, 220, 188, 1, '2014-02-05 22:22:23'),
(431, NULL, NULL, 922, 1042, 380, 1, '2014-02-05 22:22:23'),
(432, NULL, NULL, 922, 2308, 641, 1, '2014-02-05 22:22:23'),
(433, NULL, NULL, 274, 255, 199, 1, '2014-02-05 22:22:23'),
(434, NULL, NULL, 274, 220, 255, 1, '2014-02-05 22:22:23'),
(435, NULL, NULL, 274, 1042, 69, 1, '2014-02-05 22:22:23'),
(436, NULL, NULL, 274, 2308, 569, 1, '2014-02-05 22:22:23'),
(437, NULL, NULL, 1118, 255, 599, 1, '2014-02-05 22:22:23'),
(438, NULL, NULL, 1118, 220, 618, 1, '2014-02-05 22:22:23'),
(439, NULL, NULL, 1118, 1042, 713, 1, '2014-02-05 22:22:23'),
(440, NULL, NULL, 1118, 2308, 644, 1, '2014-02-05 22:22:23'),
(445, NULL, NULL, 309, 255, 193, 1, '2014-02-05 22:22:23'),
(446, NULL, NULL, 309, 220, 180, 1, '2014-02-05 22:22:23'),
(447, NULL, NULL, 309, 1042, 316, 1, '2014-02-05 22:22:23'),
(448, NULL, NULL, 309, 2308, 437, 1, '2014-02-05 22:22:23'),
(449, NULL, NULL, 335, 255, 238, 1, '2014-02-05 22:22:23'),
(450, NULL, NULL, 335, 220, 256, 1, '2014-02-05 22:22:23'),
(451, NULL, NULL, 335, 1042, 351, 1, '2014-02-05 22:22:23'),
(452, NULL, NULL, 335, 2308, 348, 1, '2014-02-05 22:22:23'),
(453, NULL, NULL, 206, 255, 476, 1, '2014-02-05 22:22:23'),
(454, NULL, NULL, 206, 220, 505, 1, '2014-02-05 22:22:23'),
(455, NULL, NULL, 206, 1042, 492, 1, '2014-02-05 22:22:23'),
(456, NULL, NULL, 206, 2308, 155, 1, '2014-02-05 22:22:23'),
(458, NULL, NULL, 21, 255, 314, 1, '2014-02-05 22:22:23'),
(459, NULL, NULL, 21, 220, 302, 1, '2014-02-05 22:22:23'),
(460, NULL, NULL, 21, 1042, 390, 1, '2014-02-05 22:22:23'),
(461, NULL, NULL, 21, 2308, 884, 1, '2014-02-05 22:22:23'),
(462, NULL, NULL, 337, 255, 266, 1, '2014-02-05 22:22:23'),
(463, NULL, NULL, 337, 220, 195, 1, '2014-02-05 22:22:23'),
(464, NULL, NULL, 337, 1042, 389, 1, '2014-02-05 22:22:23'),
(465, NULL, NULL, 337, 2308, 649, 1, '2014-02-05 22:22:23'),
(466, NULL, NULL, 752, 255, 532, 1, '2014-02-05 22:22:23'),
(467, NULL, NULL, 752, 220, 560, 1, '2014-02-05 22:22:23'),
(468, NULL, NULL, 752, 1042, 548, 1, '2014-02-05 22:22:23'),
(469, NULL, NULL, 752, 2308, 100, 1, '2014-02-05 22:22:23'),
(470, NULL, NULL, 164, 255, 91, 1, '2014-02-05 22:22:23'),
(471, NULL, NULL, 164, 220, 75, 1, '2014-02-05 22:22:23'),
(472, NULL, NULL, 164, 1042, 223, 1, '2014-02-05 22:22:23'),
(473, NULL, NULL, 164, 2308, 601, 1, '2014-02-05 22:22:23'),
(474, NULL, NULL, 246, 255, 225, 1, '2014-02-05 22:22:23'),
(475, NULL, NULL, 246, 220, 243, 1, '2014-02-05 22:22:23'),
(476, NULL, NULL, 246, 1042, 339, 1, '2014-02-05 22:22:23'),
(477, NULL, NULL, 246, 2308, 399, 1, '2014-02-05 22:22:23'),
(478, NULL, NULL, 383, 255, 127, 1, '2014-02-05 22:22:23'),
(479, NULL, NULL, 383, 220, 183, 1, '2014-02-05 22:22:23'),
(480, NULL, NULL, 383, 1042, 45, 1, '2014-02-05 22:22:23'),
(481, NULL, NULL, 383, 2308, 525, 1, '2014-02-05 22:22:23'),
(482, NULL, NULL, 170, 255, 90, 1, '2014-02-05 22:22:23'),
(483, NULL, NULL, 170, 220, 147, 1, '2014-02-05 22:22:23'),
(484, NULL, NULL, 170, 1042, 95, 1, '2014-02-05 22:22:23'),
(485, NULL, NULL, 170, 2308, 455, 1, '2014-02-05 22:22:23'),
(486, NULL, NULL, 948, 255, 425, 1, '2014-02-05 22:22:23'),
(487, NULL, NULL, 948, 220, 453, 1, '2014-02-05 22:22:23'),
(488, NULL, NULL, 948, 1042, 441, 1, '2014-02-05 22:22:23'),
(489, NULL, NULL, 948, 2308, 118, 1, '2014-02-05 22:22:23'),
(491, NULL, NULL, 120, 255, 360, 1, '2014-02-05 22:22:23'),
(492, NULL, NULL, 120, 1042, 472, 1, '2014-02-05 22:22:23'),
(493, NULL, NULL, 120, 2308, 689, 1, '2014-02-05 22:22:23'),
(494, NULL, NULL, 120, 220, 337, 1, '2014-02-05 22:22:23'),
(495, NULL, NULL, 1113, 2308, 72, 1, '2014-02-05 22:22:22'),
(496, NULL, NULL, 1113, 255, 556, 1, '2014-02-05 22:22:22'),
(497, NULL, NULL, 1113, 1042, 572, 1, '2014-02-05 22:22:22'),
(498, NULL, NULL, 1113, 220, 585, 1, '2014-02-05 22:22:22'),
(499, NULL, NULL, 225, 255, 75, 1, '2014-02-05 22:22:22'),
(500, NULL, NULL, 225, 1042, 83, 1, '2014-02-05 22:22:22'),
(501, NULL, NULL, 225, 2308, 479, 1, '2014-02-05 22:22:22'),
(502, NULL, NULL, 225, 220, 131, 1, '2014-02-05 22:22:22'),
(503, NULL, NULL, 221, 255, 715, 1, '2014-02-05 22:22:22'),
(504, NULL, NULL, 221, 1042, 829, 1, '2014-02-05 22:22:22'),
(505, NULL, NULL, 221, 2308, 816, 1, '2014-02-05 22:22:22'),
(506, NULL, NULL, 221, 220, 693, 1, '2014-02-05 22:22:22'),
(507, NULL, NULL, 1509, 255, 365, 1, '2014-02-05 22:22:24'),
(508, NULL, NULL, 1509, 1042, 478, 1, '2014-02-05 22:22:24'),
(509, NULL, NULL, 1509, 2308, 695, 1, '2014-02-05 22:22:24'),
(510, NULL, NULL, 1509, 220, 342, 1, '2014-02-05 22:22:24'),
(511, NULL, NULL, 648, 255, 112, 1, '2014-02-05 22:22:22'),
(512, NULL, NULL, 648, 1042, 40, 1, '2014-02-05 22:22:22'),
(513, NULL, NULL, 648, 2308, 472, 1, '2014-02-05 22:22:22'),
(514, NULL, NULL, 648, 220, 168, 1, '2014-02-05 22:22:22'),
(515, NULL, NULL, 113, 255, 348, 1, '2014-02-05 22:22:22'),
(516, NULL, NULL, 113, 1042, 494, 1, '2014-02-05 22:22:22'),
(517, NULL, NULL, 113, 2308, 800, 1, '2014-02-05 22:22:22'),
(518, NULL, NULL, 113, 220, 305, 1, '2014-02-05 22:22:22'),
(519, NULL, NULL, 462, 255, 147, 1, '2014-02-05 22:22:22'),
(520, NULL, NULL, 462, 1042, 206, 1, '2014-02-05 22:22:22'),
(521, NULL, NULL, 462, 2308, 613, 1, '2014-02-05 22:22:22'),
(522, NULL, NULL, 462, 220, 139, 1, '2014-02-05 22:22:22'),
(523, NULL, NULL, 36, 220, 478, 1, '2014-02-05 22:22:23'),
(524, NULL, NULL, 36, 255, 486, 1, '2014-02-05 22:22:23'),
(525, NULL, NULL, 36, 1042, 507, 1, '2014-02-05 22:22:23'),
(526, NULL, NULL, 36, 2308, 1000, 1, '2014-02-05 22:22:23'),
(527, NULL, NULL, 30, 255, 65, 1, '2014-02-05 22:22:23'),
(528, NULL, NULL, 30, 1042, 160, 1, '2014-02-05 22:22:23'),
(529, NULL, NULL, 30, 2308, 423, 1, '2014-02-05 22:22:23'),
(530, NULL, NULL, 30, 220, 122, 1, '2014-02-05 22:22:23'),
(531, NULL, NULL, 2402, 255, 520, 1, '2014-02-05 22:22:23'),
(532, NULL, NULL, 173, 2308, 572, 1, '2014-02-05 22:22:23'),
(533, NULL, NULL, 173, 220, 192, 1, '2014-02-05 22:22:23'),
(534, NULL, NULL, 2367, 220, 510, 1, '2014-02-05 22:22:23'),
(535, NULL, NULL, 2367, 255, 534, 1, '2014-02-05 22:22:23'),
(536, NULL, NULL, 2367, 1042, 647, 1, '2014-02-05 22:22:23'),
(537, NULL, NULL, 2367, 2308, 778, 1, '2014-02-05 22:22:23'),
(538, NULL, NULL, 323, 255, 320, 1, '2014-02-05 22:22:23'),
(539, NULL, NULL, 323, 1042, 433, 1, '2014-02-05 22:22:23'),
(540, NULL, NULL, 323, 2308, 632, 1, '2014-02-05 22:22:23'),
(541, NULL, NULL, 323, 220, 298, 1, '2014-02-05 22:22:23'),
(542, NULL, NULL, 174, 2308, 1318, 1, '2014-02-05 22:22:22'),
(543, NULL, NULL, 174, 220, 1340, 1, '2014-02-05 22:22:22'),
(544, NULL, NULL, 1042, 1042, 1, 1, '2014-02-05 22:22:24'),
(545, NULL, NULL, 285, 255, 254, 1, '2014-02-05 22:22:23'),
(546, NULL, NULL, 285, 1042, 367, 1, '2014-02-05 22:22:23'),
(547, NULL, NULL, 285, 2308, 626, 1, '2014-02-05 22:22:23'),
(548, NULL, NULL, 285, 220, 232, 1, '2014-02-05 22:22:23'),
(549, NULL, NULL, 87, 255, 334, 1, '2014-02-05 22:22:23'),
(571, NULL, NULL, 2799, 1042, 1079, 1, '2014-02-05 22:22:22'),
(572, NULL, NULL, 181, 255, 291, 1, '2014-02-05 22:22:22'),
(573, NULL, NULL, 181, 1042, 409, 1, '2014-02-05 22:22:22'),
(574, NULL, NULL, 181, 220, 283, 1, '2014-02-05 22:22:22'),
(575, NULL, NULL, 181, 2308, 742, 1, '2014-02-05 22:22:22'),
(576, NULL, NULL, 438, 1042, 361, 1, '2014-02-05 22:22:23'),
(577, NULL, NULL, 1650, 2308, 72, 1, '2014-02-05 22:22:24'),
(578, NULL, NULL, 490, 255, 923, 1, '2014-02-05 22:22:23'),
(579, NULL, NULL, 490, 1042, 855, 1, '2014-02-05 22:22:23'),
(580, NULL, NULL, 490, 220, 912, 1, '2014-02-05 22:22:23'),
(581, NULL, NULL, 490, 2308, 1349, 1, '2014-02-05 22:22:23'),
(582, NULL, NULL, 438, 255, 341, 1, '2014-02-05 22:22:23'),
(583, NULL, NULL, 1305, 2308, 450, 1, '2014-02-05 22:22:23'),
(584, NULL, NULL, 1305, 220, 143, 1, '2014-02-05 22:22:23'),
(585, NULL, NULL, 1305, 255, 123, 1, '2014-02-05 22:22:23'),
(586, NULL, NULL, 1305, 1042, 237, 1, '2014-02-05 22:22:23');

-- --------------------------------------------------------

--
-- Estrutura da tabela amfrete_peso
--

CREATE TABLE IF NOT EXISTS amfrete_peso (
  id_frete_peso int(10) NOT NULL AUTO_INCREMENT COMMENT 'Identificador da tabela de frete peso.',
  frete_tab_transp int(10) NOT NULL COMMENT 'Identificador da tabela de frete da transportadora.',
  cidade int(10) DEFAULT NULL COMMENT 'Cidade onde o valor do frete peso pode ser diferenciado.',
  km_inicio int(10) NOT NULL COMMENT 'Quilometro inicial da faixa.',
  km_fim int(10) NOT NULL COMMENT 'Quilometro final da faixa.',
  peso_inicio decimal(16,4) DEFAULT NULL COMMENT 'Peso inicial da faixa.',
  peso_fim decimal(16,4) DEFAULT NULL COMMENT 'Peso final da faixa.',
  vlr_frete decimal(16,4) NOT NULL COMMENT 'Valor do frete na faixa.',
  vlr_kg_exced decimal(16,4) NOT NULL COMMENT 'Valor excedente do frete na faixa.',
  usuario_inst int(10) NOT NULL COMMENT 'Usuário responsável pela inclusão/alteração.',
  dt_inst timestamp NOT NULL DEFAULT CURRENT_TIMESTAMP ON UPDATE CURRENT_TIMESTAMP COMMENT 'Data da inclusão/alteração.',
  PRIMARY KEY (id_frete_peso),
  UNIQUE KEY UNAMFRETE_PESO (frete_tab_transp,cidade,km_inicio,peso_inicio),
  KEY FKAMFR_PESO_ASUSUARIO (usuario_inst),
  KEY FKAMFR_PESO_USCIDADE (cidade)
) ENGINE=InnoDB  DEFAULT CHARSET=latin1 AUTO_INCREMENT=364 ;

--
-- Extraindo dados da tabela amfrete_peso
--

INSERT INTO amfrete_peso (id_frete_peso, frete_tab_transp, cidade, km_inicio, km_fim, peso_inicio, peso_fim, vlr_frete, vlr_kg_exced, usuario_inst, dt_inst) VALUES
(1, 1, NULL, 1, 400, '0.0010', '10.0000', '18.0000', '0.2300', 1, '2013-10-11 19:33:14'),
(2, 2, NULL, 1, 90, '0.0010', '50.0000', '17.6000', '0.0000', 1, '2013-05-11 12:13:45'),
(3, 3, NULL, 1, 100, '0.0010', '1000.0000', '0.4600', '0.0000', 1, '2013-03-27 13:06:28'),
(4, 3, NULL, 101, 1000, '0.0010', '1000.0000', '0.5200', '0.0000', 1, '2013-03-27 13:06:50'),
(5, 4, NULL, 1, 100, '0.0010', '10.0000', '14.0400', '0.0000', 1, '2013-03-28 11:17:03'),
(28, 5, NULL, 1, 100, '0.0010', '20.0000', '27.5900', '0.0000', 1, '2013-04-04 15:47:54'),
(29, 5, NULL, 1, 100, '21.0000', '40.0000', '34.7600', '0.0000', 1, '2013-04-04 15:49:24'),
(30, 5, NULL, 1, 100, '41.0000', '60.0000', '43.0600', '0.0000', 1, '2013-04-04 15:49:37'),
(31, 5, NULL, 1, 100, '61.0000', '100.0000', '56.5200', '0.4770', 1, '2013-04-04 15:50:06'),
(32, 5, NULL, 101, 200, '0.0010', '20.0000', '30.1000', '0.0000', 1, '2013-04-04 15:50:40'),
(33, 5, NULL, 101, 200, '21.0000', '40.0000', '37.8800', '0.0000', 1, '2013-04-04 15:50:53'),
(34, 5, NULL, 101, 200, '41.0000', '60.0000', '46.9700', '0.0000', 1, '2013-04-04 15:51:10'),
(35, 5, NULL, 101, 200, '61.0000', '100.0000', '61.7100', '0.5570', 1, '2013-04-04 15:51:22'),
(36, 5, NULL, 201, 400, '0.0010', '20.0000', '37.8200', '0.0000', 1, '2013-04-04 15:51:45'),
(37, 5, NULL, 201, 400, '21.0000', '40.0000', '45.2500', '0.0000', 1, '2013-04-04 15:51:58'),
(38, 5, NULL, 201, 400, '41.0000', '60.0000', '54.5500', '0.0000', 1, '2013-04-04 15:52:10'),
(39, 5, NULL, 201, 400, '61.0000', '100.0000', '72.6600', '0.6520', 1, '2013-04-04 15:52:22'),
(40, 5, NULL, 401, 600, '0.0010', '20.0000', '43.5400', '0.0000', 1, '2013-04-04 15:52:40'),
(41, 5, NULL, 401, 600, '21.0000', '40.0000', '53.1000', '0.0000', 1, '2013-04-04 15:52:51'),
(42, 5, NULL, 401, 600, '41.0000', '60.0000', '63.4400', '0.0000', 1, '2013-04-04 15:53:00'),
(43, 5, NULL, 401, 600, '61.0000', '100.0000', '84.0100', '0.7620', 1, '2013-04-04 15:53:15'),
(44, 5, NULL, 601, 800, '0.0010', '20.0000', '51.1500', '0.0000', 1, '2013-04-04 15:53:31'),
(45, 5, NULL, 601, 800, '21.0000', '40.0000', '61.8000', '0.0000', 1, '2013-04-04 15:53:42'),
(46, 5, NULL, 601, 800, '41.0000', '60.0000', '73.0000', '0.0000', 1, '2013-04-04 15:53:51'),
(47, 5, NULL, 601, 800, '61.0000', '100.0000', '96.3000', '0.8440', 1, '2013-04-04 15:54:02'),
(48, 5, NULL, 801, 1000, '0.0010', '20.0000', '58.8300', '0.0000', 1, '2013-04-04 15:54:28'),
(49, 5, NULL, 801, 1000, '21.0000', '40.0000', '69.7300', '0.0000', 1, '2013-04-04 15:54:39'),
(50, 5, NULL, 801, 1000, '41.0000', '60.0000', '83.1300', '0.0000', 1, '2013-04-04 15:54:49'),
(51, 5, NULL, 801, 1000, '61.0000', '100.0000', '107.9700', '0.9060', 1, '2013-04-04 15:55:02'),
(52, 5, NULL, 1001, 1200, '0.0010', '20.0000', '66.5400', '0.0000', 1, '2013-04-04 15:55:22'),
(53, 5, NULL, 1001, 1200, '21.0000', '40.0000', '78.4000', '0.0000', 1, '2013-04-04 15:55:33'),
(54, 5, NULL, 1001, 1200, '41.0000', '60.0000', '93.2700', '0.0000', 1, '2013-04-04 15:55:43'),
(55, 5, NULL, 1001, 1200, '61.0000', '100.0000', '119.3200', '1.0350', 1, '2013-04-04 15:55:57'),
(56, 5, NULL, 1201, 1500, '0.0010', '20.0000', '74.5800', '0.0000', 1, '2013-04-04 15:56:25'),
(57, 5, NULL, 1201, 1500, '21.0000', '40.0000', '87.7800', '0.0000', 1, '2013-04-04 15:56:35'),
(58, 5, NULL, 1201, 1500, '41.0000', '60.0000', '104.4400', '0.0000', 1, '2013-04-04 15:56:45'),
(59, 5, NULL, 1201, 1500, '61.0000', '100.0000', '133.6900', '1.1470', 1, '2013-04-04 15:57:12'),
(60, 6, NULL, 1, 100, '0.0010', '20.0000', '12.6600', '0.0000', 1, '2013-04-25 12:02:27'),
(61, 6, NULL, 1, 100, '21.0000', '50.0000', '13.8000', '0.0000', 1, '2013-04-25 12:02:50'),
(62, 6, NULL, 1, 100, '51.0000', '80.0000', '15.8700', '0.0000', 1, '2013-04-25 12:03:07'),
(63, 6, NULL, 1, 100, '81.0000', '100.0000', '18.7300', '0.0000', 1, '2013-04-25 12:03:26'),
(64, 6, NULL, 1, 100, '101.0000', '200.0000', '22.1000', '0.0000', 1, '2013-04-25 12:03:41'),
(65, 6, NULL, 1, 100, '201.0000', '300.0000', '27.6200', '0.0000', 1, '2013-04-25 12:04:03'),
(66, 6, NULL, 1, 100, '301.0000', '400.0000', '34.5300', '0.0000', 1, '2013-04-25 12:05:02'),
(67, 6, NULL, 1, 100, '401.0000', '500.0000', '43.1600', '0.0000', 1, '2013-04-25 12:05:14'),
(68, 6, NULL, 1, 100, '501.0000', '600.0000', '51.7900', '0.0000', 1, '2013-04-25 12:05:30'),
(69, 6, NULL, 1, 100, '601.0000', '700.0000', '62.1500', '0.0000', 1, '2013-04-25 12:05:46'),
(70, 6, NULL, 1, 100, '701.0000', '800.0000', '74.5800', '0.0000', 1, '2013-04-25 12:05:55'),
(71, 6, NULL, 1, 100, '801.0000', '900.0000', '89.4900', '0.0000', 1, '2013-04-25 12:06:04'),
(72, 6, NULL, 1, 100, '901.0000', '1000.0000', '107.3900', '0.1300', 1, '2013-04-25 12:06:27'),
(73, 6, NULL, 101, 200, '0.0010', '20.0000', '17.0300', '0.0000', 1, '2013-04-25 12:07:16'),
(74, 6, NULL, 101, 200, '21.0000', '50.0000', '18.5600', '0.0000', 1, '2013-04-25 12:07:27'),
(75, 6, NULL, 101, 200, '51.0000', '80.0000', '21.3500', '0.0000', 1, '2013-04-25 12:07:44'),
(76, 6, NULL, 101, 200, '81.0000', '100.0000', '25.1900', '0.0000', 1, '2013-04-25 12:08:02'),
(77, 6, NULL, 101, 200, '101.0000', '200.0000', '29.7200', '0.0000', 1, '2013-04-25 12:08:14'),
(78, 6, NULL, 101, 200, '201.0000', '300.0000', '37.1500', '0.0000', 1, '2013-04-25 12:08:24'),
(79, 6, NULL, 101, 200, '301.0000', '400.0000', '46.4400', '0.0000', 1, '2013-04-25 12:08:32'),
(80, 6, NULL, 101, 200, '401.0000', '500.0000', '58.0500', '0.0000', 1, '2013-04-25 12:08:42'),
(81, 6, NULL, 101, 200, '501.0000', '600.0000', '69.6600', '0.0000', 1, '2013-04-25 12:08:56'),
(82, 6, NULL, 101, 200, '601.0000', '700.0000', '83.6000', '0.0000', 1, '2013-04-25 12:09:07'),
(83, 6, NULL, 101, 200, '701.0000', '800.0000', '100.3200', '0.0000', 1, '2013-04-25 12:09:26'),
(84, 6, NULL, 101, 200, '801.0000', '900.0000', '120.3800', '0.0000', 1, '2013-04-25 12:09:39'),
(85, 6, NULL, 101, 200, '901.0000', '1000.0000', '144.4600', '0.1600', 1, '2013-04-25 12:09:54'),
(86, 6, NULL, 201, 300, '0.0010', '20.0000', '19.2400', '0.0000', 1, '2013-04-25 12:10:29'),
(87, 6, NULL, 201, 300, '21.0000', '50.0000', '20.9700', '0.0000', 1, '2013-04-25 12:10:43'),
(88, 6, NULL, 201, 300, '51.0000', '80.0000', '24.1200', '0.0000', 1, '2013-04-25 12:10:53'),
(89, 6, NULL, 201, 300, '81.0000', '100.0000', '28.4600', '0.0000', 1, '2013-04-25 12:11:08'),
(90, 6, NULL, 201, 300, '101.0000', '200.0000', '33.5800', '0.0000', 1, '2013-04-25 12:11:56'),
(91, 6, NULL, 201, 300, '201.0000', '300.0000', '41.9800', '0.0000', 1, '2013-04-25 12:12:09'),
(92, 6, NULL, 201, 300, '301.0000', '400.0000', '52.4700', '0.0000', 1, '2013-04-25 12:12:22'),
(93, 6, NULL, 201, 300, '401.0000', '500.0000', '65.5900', '0.0000', 1, '2013-04-25 12:12:33'),
(94, 6, NULL, 201, 300, '501.0000', '600.0000', '78.7100', '0.0000', 1, '2013-04-25 12:12:47'),
(95, 6, NULL, 201, 300, '601.0000', '700.0000', '94.4500', '0.0000', 1, '2013-04-25 12:12:56'),
(96, 6, NULL, 201, 300, '701.0000', '800.0000', '113.3400', '0.0000', 1, '2013-04-25 12:13:06'),
(97, 6, NULL, 201, 300, '801.0000', '900.0000', '136.0000', '0.0000', 1, '2013-04-25 12:14:20'),
(98, 6, NULL, 201, 300, '901.0000', '1000.0000', '163.2000', '0.1800', 1, '2013-04-25 12:14:36'),
(99, 6, NULL, 301, 400, '0.0010', '20.0000', '26.5600', '0.0000', 1, '2013-04-25 12:15:16'),
(100, 6, NULL, 301, 400, '21.0000', '50.0000', '28.9500', '0.0000', 1, '2013-04-25 12:15:28'),
(101, 6, NULL, 301, 400, '51.0000', '80.0000', '33.2900', '0.0000', 1, '2013-04-25 12:15:38'),
(102, 6, NULL, 301, 400, '81.0000', '100.0000', '39.2900', '0.0000', 1, '2013-04-25 12:15:52'),
(103, 6, NULL, 301, 400, '101.0000', '200.0000', '46.3600', '0.0000', 1, '2013-04-25 12:16:03'),
(104, 6, NULL, 301, 400, '201.0000', '300.0000', '57.9500', '0.0000', 1, '2013-04-25 12:16:18'),
(105, 6, NULL, 301, 400, '301.0000', '400.0000', '72.4300', '0.0000', 1, '2013-04-25 12:16:36'),
(106, 6, NULL, 301, 400, '401.0000', '500.0000', '90.5400', '0.0000', 1, '2013-04-25 12:17:09'),
(107, 6, NULL, 301, 400, '501.0000', '600.0000', '108.6500', '0.0000', 1, '2013-04-25 12:18:05'),
(108, 6, NULL, 301, 400, '601.0000', '700.0000', '130.3800', '0.0000', 1, '2013-04-25 12:18:26'),
(109, 6, NULL, 301, 400, '701.0000', '800.0000', '156.4600', '0.0000', 1, '2013-04-25 12:18:40'),
(110, 6, NULL, 301, 400, '801.0000', '900.0000', '187.7500', '0.0000', 1, '2013-04-25 12:18:50'),
(111, 6, NULL, 301, 400, '901.0000', '1000.0000', '225.3000', '0.2300', 1, '2013-04-25 12:19:06'),
(124, 6, NULL, 401, 600, '0.0010', '20.0000', '28.6800', '0.0000', 1, '2013-05-10 13:21:40'),
(125, 6, NULL, 401, 600, '21.0000', '50.0000', '31.2600', '0.0000', 1, '2013-05-10 13:21:52'),
(126, 6, NULL, 401, 600, '51.0000', '80.0000', '37.5500', '0.0000', 1, '2013-05-10 13:22:02'),
(127, 6, NULL, 401, 600, '81.0000', '100.0000', '44.3100', '0.0000', 1, '2013-05-10 13:22:18'),
(128, 6, NULL, 401, 600, '101.0000', '200.0000', '52.2800', '0.0000', 1, '2013-05-10 13:22:36'),
(129, 6, NULL, 401, 600, '201.0000', '300.0000', '65.3600', '0.0000', 1, '2013-05-10 13:22:50'),
(130, 6, NULL, 401, 600, '301.0000', '400.0000', '81.6900', '0.0000', 1, '2013-05-10 13:23:14'),
(131, 6, NULL, 401, 600, '401.0000', '500.0000', '102.1200', '0.0000', 1, '2013-05-10 13:23:27'),
(132, 6, NULL, 401, 600, '501.0000', '600.0000', '122.5400', '0.0000', 1, '2013-05-10 13:23:38'),
(133, 6, NULL, 401, 600, '601.0000', '700.0000', '147.0500', '0.0000', 1, '2013-05-10 13:23:54'),
(134, 6, NULL, 401, 600, '701.0000', '800.0000', '176.4600', '0.0000', 1, '2013-05-10 13:25:44'),
(135, 6, NULL, 401, 600, '801.0000', '900.0000', '211.7500', '0.0000', 1, '2013-05-10 13:25:58'),
(136, 6, NULL, 401, 600, '901.0000', '1000.0000', '254.1000', '0.2600', 1, '2013-05-10 13:26:15'),
(137, 6, NULL, 601, 800, '0.0010', '20.0000', '34.2400', '0.0000', 1, '2013-05-10 13:27:00'),
(138, 6, NULL, 601, 800, '21.0000', '50.0000', '37.3200', '0.0000', 1, '2013-05-10 13:27:12'),
(139, 6, NULL, 601, 800, '51.0000', '80.0000', '42.9200', '0.0000', 1, '2013-05-10 13:27:21'),
(140, 6, NULL, 601, 800, '81.0000', '100.0000', '50.6500', '0.0000', 1, '2013-05-10 13:27:30'),
(141, 6, NULL, 601, 800, '101.0000', '200.0000', '59.7600', '0.0000', 1, '2013-05-10 13:27:40'),
(142, 6, NULL, 601, 800, '201.0000', '300.0000', '74.7000', '0.0000', 1, '2013-05-10 13:27:47'),
(143, 6, NULL, 601, 800, '301.0000', '400.0000', '93.3800', '0.0000', 1, '2013-05-10 13:28:00'),
(144, 6, NULL, 601, 800, '401.0000', '500.0000', '116.7200', '0.0000', 1, '2013-05-10 13:28:09'),
(145, 6, NULL, 601, 800, '501.0000', '600.0000', '140.0700', '0.0000', 1, '2013-05-10 13:28:29'),
(146, 6, NULL, 601, 800, '601.0000', '700.0000', '168.0800', '0.0000', 1, '2013-05-10 13:28:38'),
(147, 6, NULL, 601, 800, '701.0000', '800.0000', '201.7000', '0.0000', 1, '2013-05-10 13:28:49'),
(148, 6, NULL, 601, 800, '801.0000', '900.0000', '242.0300', '0.0000', 1, '2013-05-10 13:29:01'),
(149, 6, NULL, 601, 800, '901.0000', '1000.0000', '290.4400', '0.3000', 1, '2013-05-10 13:29:15'),
(150, 7, NULL, 1, 1000, '0.0010', '30.0000', '68.2200', '0.0000', 1, '2013-05-10 14:29:18'),
(151, 7, NULL, 1, 1000, '31.0000', '50.0000', '75.8500', '0.0000', 1, '2013-05-10 14:29:28'),
(152, 7, NULL, 1, 1000, '51.0000', '70.0000', '83.4100', '0.0000', 1, '2013-05-10 14:29:39'),
(153, 7, NULL, 1, 1000, '71.0000', '100.0000', '90.9700', '0.7900', 1, '2013-05-10 14:30:03'),
(154, 2, NULL, 91, 110, '0.0010', '50.0000', '57.2000', '0.0000', 1, '2013-05-11 12:13:46'),
(155, 2, NULL, 1, 90, '50.0000', '50.0010', '17.6000', '0.1500', 1, '2013-05-11 12:13:44'),
(156, 2, NULL, 91, 110, '50.0000', '50.0010', '57.2000', '0.1500', 1, '2013-05-11 12:14:42'),
(157, 8, NULL, 1, 100, '0.0010', '20.0000', '12.6600', '0.0000', 1, '2013-05-13 19:25:40'),
(158, 8, NULL, 1, 100, '21.0000', '50.0000', '13.8000', '0.0000', 1, '2013-05-13 19:25:40'),
(159, 8, NULL, 1, 100, '51.0000', '80.0000', '15.8700', '0.0000', 1, '2013-05-13 19:25:40'),
(160, 8, NULL, 1, 100, '81.0000', '100.0000', '18.7300', '0.0000', 1, '2013-05-13 19:25:40'),
(161, 8, NULL, 1, 100, '101.0000', '200.0000', '22.1000', '0.0000', 1, '2013-05-13 19:25:40'),
(162, 8, NULL, 1, 100, '201.0000', '300.0000', '27.6200', '0.0000', 1, '2013-05-13 19:25:40'),
(163, 8, NULL, 1, 100, '301.0000', '400.0000', '34.5300', '0.0000', 1, '2013-05-13 19:25:40'),
(164, 8, NULL, 1, 100, '401.0000', '500.0000', '43.1600', '0.0000', 1, '2013-05-13 19:25:40'),
(165, 8, NULL, 1, 100, '501.0000', '600.0000', '51.7900', '0.0000', 1, '2013-05-13 19:25:40'),
(166, 8, NULL, 1, 100, '601.0000', '700.0000', '62.1500', '0.0000', 1, '2013-05-13 19:25:40'),
(167, 8, NULL, 1, 100, '701.0000', '800.0000', '74.5800', '0.0000', 1, '2013-05-13 19:25:40'),
(168, 8, NULL, 1, 100, '801.0000', '900.0000', '89.4900', '0.0000', 1, '2013-05-13 19:25:40'),
(169, 8, NULL, 1, 100, '901.0000', '1000.0000', '107.3900', '0.1300', 1, '2013-05-13 19:25:40'),
(170, 8, NULL, 101, 200, '0.0010', '20.0000', '17.0300', '0.0000', 1, '2013-05-13 19:25:40'),
(171, 8, NULL, 101, 200, '21.0000', '50.0000', '18.5600', '0.0000', 1, '2013-05-13 19:25:40'),
(172, 8, NULL, 101, 200, '51.0000', '80.0000', '21.3500', '0.0000', 1, '2013-05-13 19:25:40'),
(173, 8, NULL, 101, 200, '81.0000', '100.0000', '25.1900', '0.0000', 1, '2013-05-13 19:25:40'),
(174, 8, NULL, 101, 200, '101.0000', '200.0000', '29.7200', '0.0000', 1, '2013-05-13 19:25:40'),
(175, 8, NULL, 101, 200, '201.0000', '300.0000', '37.1500', '0.0000', 1, '2013-05-13 19:25:40'),
(176, 8, NULL, 101, 200, '301.0000', '400.0000', '46.4400', '0.0000', 1, '2013-05-13 19:25:40'),
(177, 8, NULL, 101, 200, '401.0000', '500.0000', '58.0500', '0.0000', 1, '2013-05-13 19:25:40'),
(178, 8, NULL, 101, 200, '501.0000', '600.0000', '69.6600', '0.0000', 1, '2013-05-13 19:25:40'),
(179, 8, NULL, 101, 200, '601.0000', '700.0000', '83.6000', '0.0000', 1, '2013-05-13 19:25:40'),
(180, 8, NULL, 101, 200, '701.0000', '800.0000', '100.3200', '0.0000', 1, '2013-05-13 19:25:40'),
(181, 8, NULL, 101, 200, '801.0000', '900.0000', '120.3800', '0.0000', 1, '2013-05-13 19:25:40'),
(182, 8, NULL, 101, 200, '901.0000', '1000.0000', '144.4600', '0.1600', 1, '2013-05-13 19:25:40'),
(183, 8, NULL, 201, 300, '0.0010', '20.0000', '19.2400', '0.0000', 1, '2013-05-13 19:25:40'),
(184, 8, NULL, 201, 300, '21.0000', '50.0000', '20.9700', '0.0000', 1, '2013-05-13 19:25:40'),
(185, 8, NULL, 201, 300, '51.0000', '80.0000', '24.1200', '0.0000', 1, '2013-05-13 19:25:40'),
(186, 8, NULL, 201, 300, '81.0000', '100.0000', '28.4600', '0.0000', 1, '2013-05-13 19:25:40'),
(187, 8, NULL, 201, 300, '101.0000', '200.0000', '33.5800', '0.0000', 1, '2013-05-13 19:25:40'),
(188, 8, NULL, 201, 300, '201.0000', '300.0000', '41.9800', '0.0000', 1, '2013-05-13 19:25:40'),
(189, 8, NULL, 201, 300, '301.0000', '400.0000', '52.4700', '0.0000', 1, '2013-05-13 19:25:40'),
(190, 8, NULL, 201, 300, '401.0000', '500.0000', '65.5900', '0.0000', 1, '2013-05-13 19:25:40'),
(191, 8, NULL, 201, 300, '501.0000', '600.0000', '78.7100', '0.0000', 1, '2013-05-13 19:25:40'),
(192, 8, NULL, 201, 300, '601.0000', '700.0000', '94.4500', '0.0000', 1, '2013-05-13 19:25:40'),
(193, 8, NULL, 201, 300, '701.0000', '800.0000', '113.3400', '0.0000', 1, '2013-05-13 19:25:40'),
(194, 8, NULL, 201, 300, '801.0000', '900.0000', '136.0000', '0.0000', 1, '2013-05-13 19:25:40'),
(195, 8, NULL, 201, 300, '901.0000', '1000.0000', '163.2000', '0.1800', 1, '2013-05-13 19:25:40'),
(196, 8, NULL, 301, 400, '0.0010', '20.0000', '26.5600', '0.0000', 1, '2013-05-13 19:25:40'),
(197, 8, NULL, 301, 400, '21.0000', '50.0000', '28.9500', '0.0000', 1, '2013-05-13 19:25:40'),
(198, 8, NULL, 301, 400, '51.0000', '80.0000', '33.2900', '0.0000', 1, '2013-05-13 19:25:40'),
(199, 8, NULL, 301, 400, '81.0000', '100.0000', '39.2900', '0.0000', 1, '2013-05-13 19:25:40'),
(200, 8, NULL, 301, 400, '101.0000', '200.0000', '46.3600', '0.0000', 1, '2013-05-13 19:25:40'),
(201, 8, NULL, 301, 400, '201.0000', '300.0000', '57.9500', '0.0000', 1, '2013-05-13 19:25:40'),
(202, 8, NULL, 301, 400, '301.0000', '400.0000', '72.4300', '0.0000', 1, '2013-05-13 19:25:40'),
(203, 8, NULL, 301, 400, '401.0000', '500.0000', '90.5400', '0.0000', 1, '2013-05-13 19:25:40'),
(204, 8, NULL, 301, 400, '501.0000', '600.0000', '108.6500', '0.0000', 1, '2013-05-13 19:25:40'),
(205, 8, NULL, 301, 400, '601.0000', '700.0000', '130.3800', '0.0000', 1, '2013-05-13 19:25:40'),
(206, 8, NULL, 301, 400, '701.0000', '800.0000', '156.4600', '0.0000', 1, '2013-05-13 19:25:40'),
(207, 8, NULL, 301, 400, '801.0000', '900.0000', '187.7500', '0.0000', 1, '2013-05-13 19:25:40'),
(208, 8, NULL, 301, 400, '901.0000', '1000.0000', '225.3000', '0.2300', 1, '2013-05-13 19:25:40'),
(209, 8, NULL, 401, 600, '0.0010', '20.0000', '28.6800', '0.0000', 1, '2013-05-13 19:25:40'),
(210, 8, NULL, 401, 600, '21.0000', '50.0000', '31.2600', '0.0000', 1, '2013-05-13 19:25:40'),
(211, 8, NULL, 401, 600, '51.0000', '80.0000', '37.5500', '0.0000', 1, '2013-05-13 19:25:40'),
(212, 8, NULL, 401, 600, '81.0000', '100.0000', '44.3100', '0.0000', 1, '2013-05-13 19:25:40'),
(213, 8, NULL, 401, 600, '101.0000', '200.0000', '52.2800', '0.0000', 1, '2013-05-13 19:25:40'),
(214, 8, NULL, 401, 600, '201.0000', '300.0000', '65.3600', '0.0000', 1, '2013-05-13 19:25:40'),
(215, 8, NULL, 401, 600, '301.0000', '400.0000', '81.6900', '0.0000', 1, '2013-05-13 19:25:40'),
(216, 8, NULL, 401, 600, '401.0000', '500.0000', '102.1200', '0.0000', 1, '2013-05-13 19:25:40'),
(217, 8, NULL, 401, 600, '501.0000', '600.0000', '122.5400', '0.0000', 1, '2013-05-13 19:25:40'),
(218, 8, NULL, 401, 600, '601.0000', '700.0000', '147.0500', '0.0000', 1, '2013-05-13 19:25:40'),
(219, 8, NULL, 401, 600, '701.0000', '800.0000', '176.4600', '0.0000', 1, '2013-05-13 19:25:40'),
(220, 8, NULL, 401, 600, '801.0000', '900.0000', '211.7500', '0.0000', 1, '2013-05-13 19:25:40'),
(221, 8, NULL, 401, 600, '901.0000', '1000.0000', '254.1000', '0.2600', 1, '2013-05-13 19:25:40'),
(222, 8, NULL, 601, 800, '0.0010', '20.0000', '34.2400', '0.0000', 1, '2013-05-13 19:25:40'),
(223, 8, NULL, 601, 800, '21.0000', '50.0000', '37.3200', '0.0000', 1, '2013-05-13 19:25:40'),
(224, 8, NULL, 601, 800, '51.0000', '80.0000', '42.9200', '0.0000', 1, '2013-05-13 19:25:40'),
(225, 8, NULL, 601, 800, '81.0000', '100.0000', '50.6500', '0.0000', 1, '2013-05-13 19:25:40'),
(226, 8, NULL, 601, 800, '101.0000', '200.0000', '59.7600', '0.0000', 1, '2013-05-13 19:25:40'),
(227, 8, NULL, 601, 800, '201.0000', '300.0000', '74.7000', '0.0000', 1, '2013-05-13 19:25:40'),
(228, 8, NULL, 601, 800, '301.0000', '400.0000', '93.3800', '0.0000', 1, '2013-05-13 19:25:40'),
(229, 8, NULL, 601, 800, '401.0000', '500.0000', '116.7200', '0.0000', 1, '2013-05-13 19:25:40'),
(230, 8, NULL, 601, 800, '501.0000', '600.0000', '140.0700', '0.0000', 1, '2013-05-13 19:25:40'),
(231, 8, NULL, 601, 800, '601.0000', '700.0000', '168.0800', '0.0000', 1, '2013-05-13 19:25:40'),
(232, 8, NULL, 601, 800, '701.0000', '800.0000', '201.7000', '0.0000', 1, '2013-05-13 19:25:40'),
(233, 8, NULL, 601, 800, '801.0000', '900.0000', '242.0300', '0.0000', 1, '2013-05-13 19:25:40'),
(234, 8, NULL, 601, 800, '901.0000', '1000.0000', '290.4400', '0.3000', 1, '2013-05-13 19:25:40'),
(235, 9, NULL, 1, 1000, '0.0010', '30.0000', '68.2200', '0.0000', 1, '2013-05-14 13:25:00'),
(236, 9, NULL, 1, 1000, '31.0000', '50.0000', '75.8500', '0.0000', 1, '2013-05-14 13:25:00'),
(237, 9, NULL, 1, 1000, '51.0000', '70.0000', '83.4100', '0.0000', 1, '2013-05-14 13:25:00'),
(238, 9, NULL, 1, 1000, '71.0000', '100.0000', '90.9700', '0.7900', 1, '2013-05-14 13:25:00'),
(239, 10, NULL, 1, 100, '0.0010', '20.0000', '12.6600', '0.0000', 1, '2013-05-14 13:26:27'),
(240, 10, NULL, 1, 100, '21.0000', '50.0000', '13.8000', '0.0000', 1, '2013-05-14 13:26:27'),
(241, 10, NULL, 1, 100, '51.0000', '80.0000', '15.8700', '0.0000', 1, '2013-05-14 13:26:27'),
(242, 10, NULL, 1, 100, '81.0000', '100.0000', '18.7300', '0.0000', 1, '2013-05-14 13:26:27'),
(243, 10, NULL, 1, 100, '101.0000', '200.0000', '22.1000', '0.0000', 1, '2013-05-14 13:26:27'),
(244, 10, NULL, 1, 100, '201.0000', '300.0000', '27.6200', '0.0000', 1, '2013-05-14 13:26:27'),
(245, 10, NULL, 1, 100, '301.0000', '400.0000', '34.5300', '0.0000', 1, '2013-05-14 13:26:27'),
(246, 10, NULL, 1, 100, '401.0000', '500.0000', '43.1600', '0.0000', 1, '2013-05-14 13:26:27'),
(247, 10, NULL, 1, 100, '501.0000', '600.0000', '51.7900', '0.0000', 1, '2013-05-14 13:26:27'),
(248, 10, NULL, 1, 100, '601.0000', '700.0000', '62.1500', '0.0000', 1, '2013-05-14 13:26:27'),
(249, 10, NULL, 1, 100, '701.0000', '800.0000', '74.5800', '0.0000', 1, '2013-05-14 13:26:27'),
(250, 10, NULL, 1, 100, '801.0000', '900.0000', '89.4900', '0.0000', 1, '2013-05-14 13:26:27'),
(251, 10, NULL, 1, 100, '901.0000', '1000.0000', '107.3900', '0.1300', 1, '2013-05-14 13:26:27'),
(252, 10, NULL, 101, 200, '0.0010', '20.0000', '17.0300', '0.0000', 1, '2013-05-14 13:26:27'),
(253, 10, NULL, 101, 200, '21.0000', '50.0000', '18.5600', '0.0000', 1, '2013-05-14 13:26:27'),
(254, 10, NULL, 101, 200, '51.0000', '80.0000', '21.3500', '0.0000', 1, '2013-05-14 13:26:27'),
(255, 10, NULL, 101, 200, '81.0000', '100.0000', '25.1900', '0.0000', 1, '2013-05-14 13:26:27'),
(256, 10, NULL, 101, 200, '101.0000', '200.0000', '29.7200', '0.0000', 1, '2013-05-14 13:26:27'),
(257, 10, NULL, 101, 200, '201.0000', '300.0000', '37.1500', '0.0000', 1, '2013-05-14 13:26:27'),
(258, 10, NULL, 101, 200, '301.0000', '400.0000', '46.4400', '0.0000', 1, '2013-05-14 13:26:27'),
(259, 10, NULL, 101, 200, '401.0000', '500.0000', '58.0500', '0.0000', 1, '2013-05-14 13:26:27'),
(260, 10, NULL, 101, 200, '501.0000', '600.0000', '69.6600', '0.0000', 1, '2013-05-14 13:26:27'),
(261, 10, NULL, 101, 200, '601.0000', '700.0000', '83.6000', '0.0000', 1, '2013-05-14 13:26:27'),
(262, 10, NULL, 101, 200, '701.0000', '800.0000', '100.3200', '0.0000', 1, '2013-05-14 13:26:27'),
(263, 10, NULL, 101, 200, '801.0000', '900.0000', '120.3800', '0.0000', 1, '2013-05-14 13:26:27'),
(264, 10, NULL, 101, 200, '901.0000', '1000.0000', '144.4600', '0.1600', 1, '2013-05-14 13:26:27'),
(265, 10, NULL, 201, 300, '0.0010', '20.0000', '19.2400', '0.0000', 1, '2013-05-14 13:26:27'),
(266, 10, NULL, 201, 300, '21.0000', '50.0000', '20.9700', '0.0000', 1, '2013-05-14 13:26:27'),
(267, 10, NULL, 201, 300, '51.0000', '80.0000', '24.1200', '0.0000', 1, '2013-05-14 13:26:27'),
(268, 10, NULL, 201, 300, '81.0000', '100.0000', '28.4600', '0.0000', 1, '2013-05-14 13:26:27'),
(269, 10, NULL, 201, 300, '101.0000', '200.0000', '33.5800', '0.0000', 1, '2013-05-14 13:26:27'),
(270, 10, NULL, 201, 300, '201.0000', '300.0000', '41.9800', '0.0000', 1, '2013-05-14 13:26:27'),
(271, 10, NULL, 201, 300, '301.0000', '400.0000', '52.4700', '0.0000', 1, '2013-05-14 13:26:27'),
(272, 10, NULL, 201, 300, '401.0000', '500.0000', '65.5900', '0.0000', 1, '2013-05-14 13:26:27'),
(273, 10, NULL, 201, 300, '501.0000', '600.0000', '78.7100', '0.0000', 1, '2013-05-14 13:26:27'),
(274, 10, NULL, 201, 300, '601.0000', '700.0000', '94.4500', '0.0000', 1, '2013-05-14 13:26:27'),
(275, 10, NULL, 201, 300, '701.0000', '800.0000', '113.3400', '0.0000', 1, '2013-05-14 13:26:27'),
(276, 10, NULL, 201, 300, '801.0000', '900.0000', '136.0000', '0.0000', 1, '2013-05-14 13:26:27'),
(277, 10, NULL, 201, 300, '901.0000', '1000.0000', '163.2000', '0.1800', 1, '2013-05-14 13:26:27'),
(278, 10, NULL, 301, 400, '0.0010', '20.0000', '26.5600', '0.0000', 1, '2013-05-14 13:26:27'),
(279, 10, NULL, 301, 400, '21.0000', '50.0000', '28.9500', '0.0000', 1, '2013-05-14 13:26:27'),
(280, 10, NULL, 301, 400, '51.0000', '80.0000', '33.2900', '0.0000', 1, '2013-05-14 13:26:27'),
(281, 10, NULL, 301, 400, '81.0000', '100.0000', '39.2900', '0.0000', 1, '2013-05-14 13:26:27'),
(282, 10, NULL, 301, 400, '101.0000', '200.0000', '46.3600', '0.0000', 1, '2013-05-14 13:26:27'),
(283, 10, NULL, 301, 400, '201.0000', '300.0000', '57.9500', '0.0000', 1, '2013-05-14 13:26:27'),
(284, 10, NULL, 301, 400, '301.0000', '400.0000', '72.4300', '0.0000', 1, '2013-05-14 13:26:27'),
(285, 10, NULL, 301, 400, '401.0000', '500.0000', '90.5400', '0.0000', 1, '2013-05-14 13:26:27'),
(286, 10, NULL, 301, 400, '501.0000', '600.0000', '108.6500', '0.0000', 1, '2013-05-14 13:26:27'),
(287, 10, NULL, 301, 400, '601.0000', '700.0000', '130.3800', '0.0000', 1, '2013-05-14 13:26:27'),
(288, 10, NULL, 301, 400, '701.0000', '800.0000', '156.4600', '0.0000', 1, '2013-05-14 13:26:27'),
(289, 10, NULL, 301, 400, '801.0000', '900.0000', '187.7500', '0.0000', 1, '2013-05-14 13:26:27'),
(290, 10, NULL, 301, 400, '901.0000', '1000.0000', '225.3000', '0.2300', 1, '2013-05-14 13:26:27'),
(291, 10, NULL, 401, 600, '0.0010', '20.0000', '28.6800', '0.0000', 1, '2013-05-14 13:26:27'),
(292, 10, NULL, 401, 600, '21.0000', '50.0000', '31.2600', '0.0000', 1, '2013-05-14 13:26:27'),
(293, 10, NULL, 401, 600, '51.0000', '80.0000', '37.5500', '0.0000', 1, '2013-05-14 13:26:27'),
(294, 10, NULL, 401, 600, '81.0000', '100.0000', '44.3100', '0.0000', 1, '2013-05-14 13:26:27'),
(295, 10, NULL, 401, 600, '101.0000', '200.0000', '52.2800', '0.0000', 1, '2013-05-14 13:26:27'),
(296, 10, NULL, 401, 600, '201.0000', '300.0000', '65.3600', '0.0000', 1, '2013-05-14 13:26:27'),
(297, 10, NULL, 401, 600, '301.0000', '400.0000', '81.6900', '0.0000', 1, '2013-05-14 13:26:27'),
(298, 10, NULL, 401, 600, '401.0000', '500.0000', '102.1200', '0.0000', 1, '2013-05-14 13:26:27'),
(299, 10, NULL, 401, 600, '501.0000', '600.0000', '122.5400', '0.0000', 1, '2013-05-14 13:26:27'),
(300, 10, NULL, 401, 600, '601.0000', '700.0000', '147.0500', '0.0000', 1, '2013-05-14 13:26:27'),
(301, 10, NULL, 401, 600, '701.0000', '800.0000', '176.4600', '0.0000', 1, '2013-05-14 13:26:27'),
(302, 10, NULL, 401, 600, '801.0000', '900.0000', '211.7500', '0.0000', 1, '2013-05-14 13:26:27'),
(303, 10, NULL, 401, 600, '901.0000', '1000.0000', '254.1000', '0.2600', 1, '2013-05-14 13:26:27'),
(304, 10, NULL, 601, 800, '0.0010', '20.0000', '34.2400', '0.0000', 1, '2013-05-14 13:26:27'),
(305, 10, NULL, 601, 800, '21.0000', '50.0000', '37.3200', '0.0000', 1, '2013-05-14 13:26:27'),
(306, 10, NULL, 601, 800, '51.0000', '80.0000', '42.9200', '0.0000', 1, '2013-05-14 13:26:27'),
(307, 10, NULL, 601, 800, '81.0000', '100.0000', '50.6500', '0.0000', 1, '2013-05-14 13:26:27'),
(308, 10, NULL, 601, 800, '101.0000', '200.0000', '59.7600', '0.0000', 1, '2013-05-14 13:26:27'),
(309, 10, NULL, 601, 800, '201.0000', '300.0000', '74.7000', '0.0000', 1, '2013-05-14 13:26:27'),
(310, 10, NULL, 601, 800, '301.0000', '400.0000', '93.3800', '0.0000', 1, '2013-05-14 13:26:27'),
(311, 10, NULL, 601, 800, '401.0000', '500.0000', '116.7200', '0.0000', 1, '2013-05-14 13:26:27'),
(312, 10, NULL, 601, 800, '501.0000', '600.0000', '140.0700', '0.0000', 1, '2013-05-14 13:26:27'),
(313, 10, NULL, 601, 800, '601.0000', '700.0000', '168.0800', '0.0000', 1, '2013-05-14 13:26:27'),
(314, 10, NULL, 601, 800, '701.0000', '800.0000', '201.7000', '0.0000', 1, '2013-05-14 13:26:27'),
(315, 10, NULL, 601, 800, '801.0000', '900.0000', '242.0300', '0.0000', 1, '2013-05-14 13:26:27'),
(316, 10, NULL, 601, 800, '901.0000', '1000.0000', '290.4400', '0.3000', 1, '2013-05-14 13:26:27'),
(317, 11, NULL, 1, 500, '0.0010', '10.0000', '18.0000', '0.2300', 1, '2013-10-18 18:04:51'),
(318, 12, NULL, 1, 500, '0.0010', '10.0000', '18.0000', '0.2300', 1, '2013-10-18 18:06:37'),
(319, 13, NULL, 1, 500, '0.0010', '10.0000', '18.0000', '0.2300', 1, '2013-10-18 18:06:49'),
(324, 6, NULL, 801, 1000, '1.0000', '20.0000', '36.9800', '0.0000', 1, '2013-08-14 17:02:55'),
(325, 6, NULL, 801, 1000, '21.0000', '50.0000', '40.3100', '0.0000', 1, '2013-08-14 17:03:05'),
(326, 6, NULL, 801, 1000, '51.0000', '80.0000', '46.3500', '0.0000', 1, '2013-08-14 17:03:17'),
(327, 6, NULL, 801, 1000, '81.0000', '100.0000', '54.7000', '0.0000', 1, '2013-08-14 17:03:30'),
(328, 6, NULL, 801, 1000, '101.0000', '200.0000', '64.5400', '0.0000', 1, '2013-08-14 17:03:41'),
(329, 6, NULL, 801, 1000, '201.0000', '300.0000', '80.6800', '0.0000', 1, '2013-08-14 17:03:50'),
(330, 6, NULL, 801, 1000, '301.0000', '400.0000', '100.8500', '0.0000', 1, '2013-08-14 17:03:59'),
(331, 6, NULL, 801, 1000, '401.0000', '500.0000', '126.0600', '0.0000', 1, '2013-08-14 17:04:17'),
(332, 6, NULL, 801, 1000, '501.0000', '600.0000', '181.5300', '0.0000', 1, '2013-08-14 17:04:25'),
(333, 6, NULL, 801, 1000, '601.0000', '700.0000', '181.5300', '0.0000', 1, '2013-08-14 17:04:34'),
(334, 6, NULL, 801, 1000, '701.0000', '800.0000', '217.8400', '0.0000', 1, '2013-08-14 17:04:44'),
(335, 6, NULL, 801, 1000, '801.0000', '900.0000', '261.4000', '0.0000', 1, '2013-08-14 17:05:05'),
(336, 6, NULL, 801, 1000, '901.0000', '1000.0000', '313.6800', '0.3200', 1, '2013-08-14 17:05:29'),
(337, 6, NULL, 1001, 1200, '0.1000', '20.0000', '48.7700', '0.0000', 1, '2013-09-06 20:07:27'),
(338, 6, NULL, 1001, 1200, '21.0000', '50.0000', '53.1600', '0.0000', 1, '2013-09-06 20:07:37'),
(339, 6, NULL, 1001, 1200, '51.0000', '80.0000', '61.1300', '0.0000', 1, '2013-09-06 20:07:47'),
(340, 6, NULL, 1001, 1200, '81.0000', '100.0000', '72.1400', '0.0000', 1, '2013-09-06 20:08:02'),
(341, 6, NULL, 1001, 1200, '101.0000', '200.0000', '85.1200', '0.0000', 1, '2013-09-06 20:08:10'),
(342, 6, NULL, 1001, 1200, '201.0000', '300.0000', '106.4000', '0.0000', 1, '2013-09-06 20:08:22'),
(343, 6, NULL, 1001, 1200, '301.0000', '400.0000', '133.0000', '0.0000', 1, '2013-09-06 20:08:38'),
(344, 6, NULL, 1001, 1200, '401.0000', '500.0000', '166.2500', '0.0000', 1, '2013-09-06 20:08:57'),
(345, 6, NULL, 1001, 1200, '501.0000', '600.0000', '199.5000', '0.0000', 1, '2013-09-06 20:09:06'),
(346, 6, NULL, 1001, 1200, '601.0000', '700.0000', '239.4100', '0.0000', 1, '2013-09-06 20:09:19'),
(347, 6, NULL, 1001, 1200, '701.0000', '800.0000', '287.2900', '0.0000', 1, '2013-09-06 20:09:28'),
(348, 6, NULL, 1001, 1200, '801.0000', '900.0000', '344.7400', '0.0000', 1, '2013-09-06 20:09:40'),
(349, 6, NULL, 1001, 1200, '901.0000', '1000.0000', '413.6900', '0.4200', 1, '2013-09-06 20:09:56'),
(350, 6, NULL, 1201, 1400, '0.1000', '20.0000', '59.9200', '0.0000', 1, '2013-09-06 20:10:45'),
(351, 6, NULL, 1201, 1400, '21.0000', '50.0000', '65.3100', '0.0000', 1, '2013-09-06 20:10:53'),
(352, 6, NULL, 1201, 1400, '51.0000', '80.0000', '75.1100', '0.0000', 1, '2013-09-06 20:11:04'),
(354, 6, NULL, 1201, 1400, '81.0000', '100.0000', '88.6300', '0.0000', 1, '2013-09-06 20:11:26'),
(355, 6, NULL, 1201, 1400, '101.0000', '200.0000', '104.5800', '0.0000', 1, '2013-09-06 20:11:35'),
(356, 6, NULL, 1201, 1400, '201.0000', '300.0000', '130.7300', '0.0000', 1, '2013-09-06 20:11:43'),
(357, 6, NULL, 1201, 1400, '301.0000', '400.0000', '163.4100', '0.0000', 1, '2013-09-06 20:12:01'),
(358, 6, NULL, 1201, 1400, '401.0000', '500.0000', '204.2600', '0.0000', 1, '2013-09-06 20:12:09'),
(359, 6, NULL, 1201, 1400, '501.0000', '600.0000', '245.1200', '0.0000', 1, '2013-09-06 20:12:18'),
(360, 6, NULL, 1201, 1400, '601.0000', '700.0000', '294.1400', '0.0000', 1, '2013-09-06 20:12:26'),
(361, 6, NULL, 1201, 1400, '701.0000', '800.0000', '352.9700', '0.0000', 1, '2013-09-06 20:12:39'),
(362, 6, NULL, 1201, 1400, '801.0000', '900.0000', '423.5600', '0.0000', 1, '2013-09-06 20:12:47'),
(363, 6, NULL, 1201, 1400, '901.0000', '1000.0000', '508.2700', '0.5100', 1, '2013-09-06 20:13:01');

-- --------------------------------------------------------

--
-- Estrutura da tabela amfrete_tab_emp
--

CREATE TABLE IF NOT EXISTS amfrete_tab_emp (
  id_frete_tab_emp int(10) NOT NULL AUTO_INCREMENT COMMENT 'Identificador da associação da empresa com a transportadora.',
  frete_tab_transp int(10) NOT NULL COMMENT 'Identificador da tabela de frete da transportadora.',
  empresa_prop int(10) NOT NULL COMMENT 'Empresa associada a transportadora.',
  dt_inicio date NOT NULL COMMENT 'Data início da empresa na tabela da transportadora.',
  dt_fim date NOT NULL COMMENT 'Data fim da empresa na tabela da transportadora.',
  usuario_inst int(10) NOT NULL COMMENT 'Usuário responsável pela inclusão/alteração.',
  dt_inst timestamp NOT NULL DEFAULT CURRENT_TIMESTAMP ON UPDATE CURRENT_TIMESTAMP COMMENT 'Data da inclusão/alteração.',
  PRIMARY KEY (id_frete_tab_emp),
  UNIQUE KEY UNAMFRETE_TAB_EMP (frete_tab_transp,empresa_prop,dt_inicio),
  KEY FKAMFR_TAB_TR_VAR_ASUSUARIO (usuario_inst),
  KEY FKAMFR_TAB_TR_VAR_USEMP_PROP (empresa_prop)
) ENGINE=InnoDB  DEFAULT CHARSET=latin1 AUTO_INCREMENT=121 ;

--
-- Extraindo dados da tabela amfrete_tab_emp
--

INSERT INTO amfrete_tab_emp (id_frete_tab_emp, frete_tab_transp, empresa_prop, dt_inicio, dt_fim, usuario_inst, dt_inst) VALUES
(1, 1, 1, '2013-03-25', '2013-07-11', 1, '2013-07-12 13:20:00'),
(2, 1, 11, '2013-03-25', '2013-07-11', 1, '2013-07-12 13:20:00'),
(3, 1, 21, '2013-03-25', '2013-07-11', 1, '2013-07-12 13:20:00'),
(7, 2, 21, '2013-03-26', '2014-03-01', 1, '2013-05-14 13:38:42'),
(9, 3, 1, '2013-03-26', '2014-03-01', 1, '2013-05-14 13:39:02'),
(10, 3, 11, '2013-03-26', '2014-03-01', 1, '2013-05-14 13:39:05'),
(11, 3, 21, '2013-03-26', '2014-03-01', 1, '2013-05-14 13:39:06'),
(12, 3, 31, '2013-03-26', '2014-03-01', 1, '2013-05-14 13:39:06'),
(13, 4, 1, '2013-03-28', '2013-04-24', 1, '2013-04-25 12:34:12'),
(14, 5, 1, '2013-04-01', '2014-03-01', 1, '2013-05-14 13:39:35'),
(15, 5, 11, '2013-04-01', '2014-03-01', 1, '2013-05-14 13:39:38'),
(16, 5, 21, '2013-04-01', '2014-03-01', 1, '2013-05-14 13:39:38'),
(17, 5, 31, '2013-04-01', '2014-03-01', 1, '2013-05-14 13:39:39'),
(18, 6, 1, '2013-04-25', '2014-03-01', 1, '2013-05-14 13:40:01'),
(19, 6, 11, '2013-04-25', '2014-03-01', 1, '2013-05-14 13:40:04'),
(20, 6, 21, '2013-04-25', '2014-03-01', 1, '2013-05-14 13:40:05'),
(21, 6, 31, '2013-04-25', '2014-03-01', 1, '2013-05-14 13:40:05'),
(22, 1, 2, '2013-03-25', '2013-07-11', 1, '2013-07-12 13:20:00'),
(23, 1, 10, '2013-03-25', '2013-07-11', 1, '2013-07-12 13:20:00'),
(25, 1, 41, '2013-03-25', '2013-07-11', 1, '2013-07-12 13:20:00'),
(26, 1, 47, '2013-03-25', '2013-07-11', 1, '2013-07-12 13:20:00'),
(29, 3, 2, '2013-03-26', '2014-03-01', 1, '2013-05-14 13:39:05'),
(30, 3, 30, '2013-03-26', '2014-03-01', 1, '2013-05-14 13:39:06'),
(31, 3, 40, '2013-03-26', '2014-03-01', 1, '2013-05-14 13:39:07'),
(32, 3, 42, '2013-03-26', '2014-03-01', 1, '2013-05-14 13:39:07'),
(33, 3, 47, '2013-03-26', '2014-03-01', 1, '2013-05-14 13:39:08'),
(34, 5, 2, '2013-04-01', '2014-03-01', 1, '2013-05-14 13:39:37'),
(35, 5, 30, '2013-04-01', '2014-03-01', 1, '2013-05-14 13:39:38'),
(36, 5, 40, '2013-04-01', '2014-03-01', 1, '2013-05-14 13:39:39'),
(37, 5, 42, '2013-04-01', '2014-03-01', 1, '2013-05-14 13:39:39'),
(38, 5, 47, '2013-04-01', '2014-03-01', 1, '2013-05-14 13:39:40'),
(39, 6, 2, '2013-04-25', '2014-03-01', 1, '2013-05-14 13:40:04'),
(40, 6, 30, '2013-04-25', '2014-03-01', 1, '2013-05-14 13:40:05'),
(41, 6, 40, '2013-04-25', '2014-03-01', 1, '2013-05-14 13:40:06'),
(42, 6, 42, '2013-04-25', '2014-03-01', 1, '2013-05-14 13:40:06'),
(43, 6, 47, '2013-04-25', '2014-03-01', 1, '2013-05-14 13:40:07'),
(44, 7, 1, '2013-05-10', '2014-03-01', 1, '2013-05-14 13:40:25'),
(45, 7, 2, '2013-05-10', '2014-03-01', 1, '2013-05-14 13:40:27'),
(46, 7, 11, '2013-05-10', '2014-03-01', 1, '2013-05-14 13:40:27'),
(47, 7, 21, '2013-05-10', '2014-03-01', 1, '2013-05-14 13:40:27'),
(48, 7, 30, '2013-05-10', '2014-03-01', 1, '2013-05-14 13:40:28'),
(49, 7, 31, '2013-05-10', '2014-03-01', 1, '2013-05-14 13:40:28'),
(50, 7, 40, '2013-05-10', '2014-03-01', 1, '2013-05-14 13:40:29'),
(51, 7, 42, '2013-05-10', '2014-03-01', 1, '2013-05-14 13:40:29'),
(52, 7, 47, '2013-05-10', '2014-03-01', 1, '2013-05-14 13:40:30'),
(53, 8, 1, '2013-05-13', '2014-03-01', 1, '2013-05-14 13:40:50'),
(54, 8, 2, '2013-05-13', '2014-03-01', 1, '2013-05-14 13:40:52'),
(55, 8, 11, '2013-05-13', '2014-03-01', 1, '2013-05-14 13:40:52'),
(56, 8, 21, '2013-05-13', '2014-03-01', 1, '2013-05-14 13:40:52'),
(57, 8, 30, '2013-05-13', '2014-03-01', 1, '2013-05-14 13:40:53'),
(58, 8, 31, '2013-05-13', '2014-03-01', 1, '2013-05-14 13:40:53'),
(59, 8, 40, '2013-05-13', '2014-03-01', 1, '2013-05-14 13:40:53'),
(60, 8, 42, '2013-05-13', '2014-03-01', 1, '2013-05-14 13:40:54'),
(61, 8, 47, '2013-05-13', '2014-03-01', 1, '2013-05-14 13:40:54'),
(62, 9, 1, '2013-05-14', '2014-03-01', 1, '2013-05-14 13:41:11'),
(63, 9, 2, '2013-05-14', '2014-03-01', 1, '2013-05-14 13:41:19'),
(64, 9, 11, '2013-05-14', '2014-03-01', 1, '2013-05-14 13:41:19'),
(65, 9, 21, '2013-05-14', '2014-03-01', 1, '2013-05-14 13:41:20'),
(66, 9, 30, '2013-05-14', '2014-03-01', 1, '2013-05-14 13:41:20'),
(67, 9, 31, '2013-05-14', '2014-03-01', 1, '2013-05-14 13:41:21'),
(68, 9, 40, '2013-05-14', '2014-03-01', 1, '2013-05-14 13:41:21'),
(69, 9, 42, '2013-05-14', '2014-03-01', 1, '2013-05-14 13:41:21'),
(70, 9, 47, '2013-05-14', '2014-03-01', 1, '2013-05-14 13:41:22'),
(71, 10, 1, '2013-05-14', '2014-03-01', 1, '2013-05-14 13:41:56'),
(72, 10, 2, '2013-05-14', '2014-03-01', 1, '2013-05-14 13:41:58'),
(73, 10, 11, '2013-05-14', '2014-03-01', 1, '2013-05-14 13:41:59'),
(74, 10, 21, '2013-05-14', '2014-03-01', 1, '2013-05-14 13:41:59'),
(75, 10, 30, '2013-05-14', '2014-03-01', 1, '2013-05-14 13:42:00'),
(76, 10, 31, '2013-05-14', '2014-03-01', 1, '2013-05-14 13:42:00'),
(77, 10, 40, '2013-05-14', '2014-03-01', 1, '2013-05-14 13:42:00'),
(78, 10, 42, '2013-05-14', '2014-03-01', 1, '2013-05-14 13:42:00'),
(79, 10, 47, '2013-05-14', '2014-03-01', 1, '2013-05-14 13:42:01'),
(80, 11, 1, '2013-05-14', '2014-03-01', 1, '2013-05-14 13:42:34'),
(81, 11, 2, '2013-05-14', '2014-03-01', 1, '2013-05-14 13:42:36'),
(82, 11, 10, '2013-05-14', '2014-03-01', 1, '2013-05-14 13:42:37'),
(83, 11, 11, '2013-05-14', '2014-03-01', 1, '2013-05-14 13:42:37'),
(84, 11, 21, '2013-05-14', '2014-03-01', 1, '2013-05-14 13:42:38'),
(85, 11, 41, '2013-05-14', '2014-03-01', 1, '2013-05-14 13:42:38'),
(86, 11, 47, '2013-05-14', '2014-03-01', 1, '2013-05-14 13:42:39'),
(87, 12, 1, '2013-05-14', '2014-03-01', 1, '2013-05-14 13:42:55'),
(88, 12, 2, '2013-05-14', '2014-03-01', 1, '2013-05-14 13:42:57'),
(89, 12, 10, '2013-05-14', '2014-03-01', 1, '2013-05-14 13:42:57'),
(90, 12, 11, '2013-05-14', '2014-03-01', 1, '2013-05-14 13:42:58'),
(91, 12, 21, '2013-05-14', '2014-03-01', 1, '2013-05-14 13:42:58'),
(92, 12, 41, '2013-05-14', '2014-03-01', 1, '2013-05-14 13:42:58'),
(93, 12, 47, '2013-05-14', '2014-03-01', 1, '2013-05-14 13:42:59'),
(94, 3, 10, '2013-03-26', '2014-03-01', 1, '2013-05-24 17:29:06'),
(95, 5, 10, '2013-04-01', '2014-03-01', 1, '2013-05-24 17:29:27'),
(96, 6, 10, '2013-04-25', '2014-03-01', 1, '2013-05-24 17:29:39'),
(97, 7, 10, '2013-05-10', '2014-03-01', 1, '2013-05-24 17:29:50'),
(98, 8, 10, '2013-05-13', '2014-03-01', 1, '2013-05-24 17:30:01'),
(99, 9, 10, '2013-05-14', '2014-03-01', 1, '2013-05-24 17:30:14'),
(100, 10, 10, '2013-05-14', '2014-03-01', 1, '2013-05-24 17:30:26'),
(101, 3, 41, '2013-03-26', '2014-03-01', 1, '2013-05-27 19:13:08'),
(102, 5, 41, '2013-04-01', '2014-03-01', 1, '2013-05-27 19:13:23'),
(103, 6, 41, '2013-04-25', '2014-03-01', 1, '2013-05-27 19:13:37'),
(104, 7, 41, '2013-05-10', '2014-03-01', 1, '2013-05-27 19:13:51'),
(105, 8, 41, '2013-05-13', '2014-03-01', 1, '2013-05-27 19:14:01'),
(106, 9, 41, '2013-05-14', '2014-03-01', 1, '2013-05-27 19:14:12'),
(107, 10, 41, '2013-05-14', '2014-03-01', 1, '2013-05-27 19:14:26'),
(108, 13, 1, '2013-07-12', '2099-12-31', 1, '2013-07-12 13:20:00'),
(109, 13, 2, '2013-07-12', '2099-12-31', 1, '2013-07-12 13:20:00'),
(110, 13, 10, '2013-07-12', '2099-12-31', 1, '2013-07-12 13:20:00'),
(111, 13, 11, '2013-07-12', '2099-12-31', 1, '2013-07-12 13:20:00'),
(112, 13, 21, '2013-07-12', '2099-12-31', 1, '2013-07-12 13:20:00'),
(113, 13, 41, '2013-07-12', '2099-12-31', 1, '2013-07-12 13:20:00'),
(114, 13, 47, '2013-07-12', '2099-12-31', 1, '2013-07-12 13:20:00'),
(117, 3, 44, '2013-03-26', '2014-03-01', 1, '2013-11-08 10:07:00'),
(118, 5, 44, '2013-04-01', '2014-03-01', 1, '2013-11-08 10:07:25'),
(119, 6, 44, '2013-04-25', '2014-03-01', 1, '2013-11-08 10:07:38'),
(120, 11, 44, '2013-05-14', '2014-03-01', 1, '2013-11-08 10:08:07');

-- --------------------------------------------------------

--
-- Estrutura da tabela amfrete_tab_filial
--

CREATE TABLE IF NOT EXISTS amfrete_tab_filial (
  id_frete_tab_filial int(10) NOT NULL AUTO_INCREMENT COMMENT 'Identificador da associação da filial da transportadora com a transportadora padrão.',
  frete_tab_transp int(10) NOT NULL COMMENT 'Identificador da tabela de frete da transportadora.',
  filial int(10) NOT NULL COMMENT 'Filial da transportadora associada a transportadora padrão.',
  dt_inicio date NOT NULL COMMENT 'Data início da filial da transportadora na tabela da transportadora.',
  dt_fim date NOT NULL COMMENT 'Data fim da filial da transportadora na tabela da transportadora.',
  usuario_inst int(10) NOT NULL COMMENT 'Usuário responsável pela inclusão/alteração.',
  dt_inst timestamp NOT NULL DEFAULT CURRENT_TIMESTAMP ON UPDATE CURRENT_TIMESTAMP COMMENT 'Data da inclusão/alteração.',
  PRIMARY KEY (id_frete_tab_filial),
  KEY FKAMFR_TAB_FIL_VAR_ASUSUARIO (usuario_inst),
  KEY FKAMFR_TAB_FIL_VAR_AMFR_TB_TR (frete_tab_transp),
  KEY FKAMFR_TAB_FIL_VAR_USEMP_PROP (filial)
) ENGINE=InnoDB  DEFAULT CHARSET=latin1 AUTO_INCREMENT=24 ;

--
-- Extraindo dados da tabela amfrete_tab_filial
--

INSERT INTO amfrete_tab_filial (id_frete_tab_filial, frete_tab_transp, filial, dt_inicio, dt_fim, usuario_inst, dt_inst) VALUES
(1, 6, 44597, '2013-04-25', '2013-12-31', 1, '2013-04-29 11:36:34'),
(2, 6, 99602, '2013-04-25', '2013-12-31', 1, '2013-04-29 11:36:34'),
(3, 5, 3711, '2013-04-01', '2014-04-01', 1, '2013-04-29 11:36:34'),
(4, 5, 89840, '2013-04-01', '2014-04-01', 1, '2013-04-29 11:36:34'),
(5, 5, 51239, '2013-04-01', '2014-04-01', 1, '2013-04-29 11:36:34'),
(6, 5, 43309, '2013-04-01', '2014-04-01', 1, '2013-04-29 11:36:34'),
(7, 5, 35210, '2013-04-01', '2014-04-01', 1, '2013-04-29 11:36:34'),
(8, 5, 23688, '2013-04-01', '2014-04-01', 1, '2013-04-29 11:36:34'),
(9, 5, 59244, '2013-04-01', '2014-04-01', 1, '2013-04-29 11:36:34'),
(10, 5, 49915, '2013-04-01', '2014-04-01', 1, '2013-04-29 11:36:34'),
(11, 5, 54595, '2013-04-01', '2014-04-01', 1, '2013-04-29 11:36:34'),
(12, 5, 44234, '2013-04-01', '2014-04-01', 1, '2013-04-29 11:36:34'),
(13, 5, 96291, '2013-04-01', '2014-04-01', 1, '2013-04-29 11:36:34'),
(14, 1, 20020, '2013-03-25', '2014-03-25', 1, '2013-04-29 11:36:34'),
(15, 4, 44597, '2013-03-28', '2013-04-24', 1, '2013-04-29 11:36:34'),
(16, 4, 99602, '2013-03-28', '2013-04-24', 1, '2013-04-29 11:36:34'),
(17, 8, 44597, '2013-05-13', '2099-12-31', 1, '2013-05-13 19:25:40'),
(18, 8, 99602, '2013-05-13', '2099-12-31', 1, '2013-05-13 19:25:40'),
(19, 10, 44597, '2013-05-14', '2099-12-31', 1, '2013-05-14 13:26:27'),
(20, 10, 99602, '2013-05-14', '2099-12-31', 1, '2013-05-14 13:26:27'),
(21, 11, 20020, '2013-05-14', '2099-12-31', 1, '2013-05-14 13:35:13'),
(22, 12, 20020, '2013-05-14', '2099-12-31', 1, '2013-05-14 13:36:30'),
(23, 13, 20020, '2013-07-12', '2099-12-31', 1, '2013-07-12 13:20:00');

-- --------------------------------------------------------

--
-- Estrutura da tabela amfrete_tab_transp
--

CREATE TABLE IF NOT EXISTS amfrete_tab_transp (
  id_frete_tab_transp int(10) NOT NULL AUTO_INCREMENT COMMENT 'Identificador da tabela de frete da transportadora.',
  transportadora int(10) NOT NULL COMMENT 'Identificador da transportadora.',
  familia_produto int(10) NOT NULL COMMENT 'Identificador da família de produto.',
  dt_inicio date NOT NULL COMMENT 'Data início da validade da tabela.',
  dt_fim date NOT NULL COMMENT 'Data fim da validade da tabela.',
  tp_calc_vlr_frete int(10) NOT NULL COMMENT 'Tipo de cálculo do valor do frete.',
  tp_calc_vlr_kg_exced int(10) DEFAULT NULL COMMENT 'Tipo de cálculo excedente do valor do frete.',
  usuario_inst int(10) NOT NULL COMMENT 'Usuário responsável pela inclusão/alteração.',
  dt_inst timestamp NOT NULL DEFAULT CURRENT_TIMESTAMP ON UPDATE CURRENT_TIMESTAMP COMMENT 'Data da inclusão/alteração.',
  PRIMARY KEY (id_frete_tab_transp),
  UNIQUE KEY UNAMFRETE_TAB_TRANSP (transportadora,familia_produto,dt_inicio),
  KEY FKAMFR_TAB_TRAN_AMFR_TP_CAL_EX (tp_calc_vlr_kg_exced),
  KEY FKAMFR_TAB_TRAN_AMFR_TP_CAL_VL (tp_calc_vlr_frete),
  KEY FKAMFR_TAB_TRAN_ASUSUARIO (usuario_inst),
  KEY FKAMFR_TAB_TRAN_AMFR_FAM_PROD (familia_produto)
) ENGINE=InnoDB  DEFAULT CHARSET=latin1 AUTO_INCREMENT=14 ;

--
-- Extraindo dados da tabela amfrete_tab_transp
--

INSERT INTO amfrete_tab_transp (id_frete_tab_transp, transportadora, familia_produto, dt_inicio, dt_fim, tp_calc_vlr_frete, tp_calc_vlr_kg_exced, usuario_inst, dt_inst) VALUES
(1, 18853, 1, '2013-03-25', '2013-07-11', 1, 2, 1, '2014-02-05 22:41:08'),
(2, 99870, 1, '2013-03-26', '2014-03-01', 1, 2, 1, '2014-02-05 22:41:08'),
(3, 98992, 1, '2013-03-26', '2014-03-01', 2, 2, 1, '2014-02-05 22:41:08'),
(4, 59275, 1, '2013-03-28', '2013-04-24', 1, 2, 1, '2014-02-05 22:41:08'),
(5, 10323, 1, '2013-04-01', '2014-03-01', 1, 2, 1, '2014-02-05 22:41:08'),
(6, 59275, 1, '2013-04-25', '2014-03-01', 1, 2, 1, '2014-02-05 22:41:08'),
(7, 98992, 3, '2013-05-10', '2014-03-01', 1, 2, 1, '2014-02-05 22:41:08'),
(8, 59275, 3, '2013-05-13', '2014-03-01', 1, 2, 1, '2014-02-05 22:41:08'),
(9, 98992, 2, '2013-05-14', '2014-03-01', 1, 2, 1, '2014-02-05 22:41:08'),
(10, 59275, 2, '2013-05-14', '2014-03-01', 1, 2, 1, '2014-02-05 22:41:08'),
(11, 18853, 2, '2013-05-14', '2014-03-01', 1, 2, 1, '2014-02-05 22:41:08'),
(12, 18853, 3, '2013-05-14', '2014-03-01', 1, 2, 1, '2014-02-05 22:41:08'),
(13, 18853, 1, '2013-07-12', '2099-12-31', 1, 2, 1, '2014-02-05 22:41:08');

-- --------------------------------------------------------

--
-- Estrutura da tabela amfrete_tab_transp_valor_var
--

CREATE TABLE IF NOT EXISTS amfrete_tab_transp_valor_var (
  id_tab_transp_valor_var int(10) NOT NULL AUTO_INCREMENT COMMENT 'Identificador do valor da variável.',
  frete_tab_transp int(10) NOT NULL COMMENT 'Identificador da tabela de frete da transportadora.',
  frete_variavel int(10) NOT NULL COMMENT 'Identificador da variável a ser detalhada.',
  cidade int(10) DEFAULT NULL COMMENT 'Cidade onde ocorre a cobrança.',
  fg_tp_cobranca varchar(1) NOT NULL DEFAULT 'D' COMMENT 'Tipo de cobrança na cidade [O]rigem, [D]estino ou [A]mbas.',
  tp_calc_valor int(10) NOT NULL COMMENT 'Tipo de cálculo da variável.',
  vlr_faixa_inicio decimal(16,4) NOT NULL COMMENT 'Valor da faixa inicial.',
  vlr_faixa_fim decimal(16,4) NOT NULL COMMENT 'Valor da faixa final.',
  vlr_variavel decimal(16,4) NOT NULL COMMENT 'Valor da variável.',
  usuario_inst int(10) NOT NULL COMMENT 'Usuário responsável pela inclusão/alteração.',
  dt_inst timestamp NOT NULL DEFAULT CURRENT_TIMESTAMP ON UPDATE CURRENT_TIMESTAMP COMMENT 'Data da inclusão/alteração.',
  PRIMARY KEY (id_tab_transp_valor_var),
  UNIQUE KEY UNAMFRETE_TAB_TRANSP_VALOR_VAR (frete_tab_transp,frete_variavel,cidade,fg_tp_cobranca,vlr_faixa_inicio),
  KEY FKAMFR_TAB_VL_VAR_AMFR_TP_CAL (tp_calc_valor),
  KEY FKAMFR_TAB_VL_VAR_ASUSUARIO (usuario_inst),
  KEY FKAMFR_TAB_VL_VAR_AMFR_TAB_TR (frete_tab_transp,frete_variavel),
  KEY FKAMFR_TAB_VL_VAR_USCIDADE (cidade)
) ENGINE=InnoDB  DEFAULT CHARSET=latin1 AUTO_INCREMENT=319 ;

--
-- Extraindo dados da tabela amfrete_tab_transp_valor_var
--

INSERT INTO amfrete_tab_transp_valor_var (id_tab_transp_valor_var, frete_tab_transp, frete_variavel, cidade, fg_tp_cobranca, tp_calc_valor, vlr_faixa_inicio, vlr_faixa_fim, vlr_variavel, usuario_inst, dt_inst) VALUES
(1, 3, 3, NULL, 'D', 1, '0.0001', '100.0000', '7.5000', 1, '2013-03-27 13:27:53'),
(2, 3, 3, NULL, 'D', 1, '101.0000', '200.0000', '15.0000', 1, '2013-03-27 13:27:54'),
(3, 3, 3, NULL, 'D', 1, '201.0000', '300.0000', '22.5000', 1, '2013-03-27 13:27:56'),
(4, 3, 3, NULL, 'D', 1, '301.0000', '400.0000', '30.0000', 1, '2013-03-27 13:27:57'),
(5, 3, 3, NULL, 'D', 1, '401.0000', '500.0000', '37.5000', 1, '2013-03-27 13:27:58'),
(6, 3, 3, NULL, 'D', 1, '501.0000', '600.0000', '45.0000', 1, '2013-03-27 13:27:59'),
(7, 3, 3, NULL, 'D', 1, '601.0000', '700.0000', '52.5000', 1, '2013-03-27 13:28:00'),
(8, 3, 3, NULL, 'D', 1, '701.0000', '800.0000', '60.0000', 1, '2013-03-27 13:28:01'),
(9, 3, 3, NULL, 'D', 1, '801.0000', '900.0000', '67.5000', 1, '2013-03-27 13:28:02'),
(10, 3, 3, NULL, 'D', 1, '901.0000', '1000.0000', '75.0000', 1, '2013-03-27 13:28:02'),
(11, 3, 4, NULL, 'D', 1, '0.0001', '100.0000', '20.8300', 1, '2013-03-27 13:25:09'),
(12, 3, 4, NULL, 'D', 1, '101.0000', '1000.0000', '31.2500', 1, '2013-03-27 13:25:14'),
(13, 3, 6, NULL, 'D', 4, '0.0001', '100.0000', '0.2000', 1, '2013-03-27 13:23:40'),
(14, 3, 6, NULL, 'D', 4, '101.0000', '1000.0000', '0.3000', 1, '2013-03-27 13:24:51'),
(33, 4, 3, NULL, 'D', 1, '0.0001', '100.0000', '2.3000', 1, '2013-03-28 11:37:53'),
(34, 4, 3, NULL, 'D', 1, '101.0000', '200.0000', '4.6000', 1, '2013-03-28 11:38:08'),
(35, 4, 3, NULL, 'D', 1, '201.0000', '300.0000', '6.9000', 1, '2013-03-28 11:38:22'),
(36, 4, 3, NULL, 'D', 1, '301.0000', '400.0000', '9.2000', 1, '2013-03-28 11:38:36'),
(37, 4, 3, NULL, 'D', 1, '401.0000', '500.0000', '11.5000', 1, '2013-03-28 11:39:00'),
(38, 4, 3, NULL, 'D', 1, '501.0000', '600.0000', '13.8000', 1, '2013-03-28 11:39:13'),
(39, 4, 3, NULL, 'D', 1, '601.0000', '700.0000', '16.1000', 1, '2013-03-28 11:39:33'),
(40, 4, 3, NULL, 'D', 1, '701.0000', '800.0000', '18.4000', 1, '2013-03-28 11:39:51'),
(41, 4, 3, NULL, 'D', 1, '801.0000', '900.0000', '20.7000', 1, '2013-03-28 11:40:21'),
(42, 5, 1, NULL, 'D', 4, '0.0001', '800.0000', '0.0000', 1, '2013-04-04 15:58:50'),
(43, 5, 1, NULL, 'D', 4, '800.0001', '999999.0000', '0.5000', 1, '2013-04-04 15:59:33'),
(44, 5, 2, NULL, 'D', 4, '0.0001', '10000.0000', '0.1000', 1, '2013-04-04 16:00:59'),
(45, 5, 2, NULL, 'D', 4, '10000.0001', '999999.0000', '0.2300', 1, '2013-04-04 16:01:26'),
(46, 5, 3, NULL, 'D', 1, '0.0001', '100.0000', '2.9200', 1, '2013-04-04 16:03:06'),
(47, 5, 3, NULL, 'D', 1, '101.0000', '200.0000', '5.8400', 1, '2013-04-04 16:03:26'),
(48, 5, 3, NULL, 'D', 1, '201.0000', '300.0000', '8.7600', 1, '2013-04-04 16:03:53'),
(49, 5, 3, NULL, 'D', 1, '301.0000', '400.0000', '11.6800', 1, '2013-04-04 16:04:07'),
(50, 5, 3, NULL, 'D', 1, '401.0000', '500.0000', '14.6000', 1, '2013-04-04 16:04:43'),
(51, 5, 3, NULL, 'D', 1, '501.0000', '600.0000', '17.5200', 1, '2013-04-04 16:04:57'),
(52, 5, 3, NULL, 'D', 1, '601.0000', '700.0000', '20.4400', 1, '2013-04-04 16:05:12'),
(53, 5, 3, NULL, 'D', 1, '701.0000', '800.0000', '23.3600', 1, '2013-04-04 16:05:23'),
(54, 5, 3, NULL, 'D', 1, '801.0000', '900.0000', '26.2800', 1, '2013-04-04 16:05:34'),
(55, 5, 3, NULL, 'D', 1, '901.0000', '1000.0000', '29.2000', 1, '2013-04-04 16:05:54'),
(56, 5, 3, NULL, 'D', 1, '1001.0000', '1100.0000', '32.1200', 1, '2013-04-04 16:06:20'),
(57, 5, 3, NULL, 'D', 1, '1101.0000', '1200.0000', '35.0400', 1, '2013-04-04 16:06:36'),
(58, 6, 3, NULL, 'D', 1, '0.0001', '100.0000', '2.5000', 1, '2013-04-25 12:23:55'),
(59, 6, 3, NULL, 'D', 1, '101.0000', '200.0000', '5.0000', 1, '2013-04-25 12:24:11'),
(60, 6, 3, NULL, 'D', 1, '201.0000', '300.0000', '7.5000', 1, '2013-04-25 12:24:23'),
(61, 6, 3, NULL, 'D', 1, '301.0000', '400.0000', '10.0000', 1, '2013-04-25 12:24:33'),
(62, 6, 3, NULL, 'D', 1, '401.0000', '500.0000', '12.5000', 1, '2013-04-25 12:24:44'),
(63, 6, 3, NULL, 'D', 1, '501.0000', '600.0000', '15.0000', 1, '2013-04-25 12:25:05'),
(64, 7, 3, NULL, 'D', 1, '0.0001', '100.0000', '7.5000', 1, '2013-05-10 14:30:44'),
(65, 7, 3, NULL, 'D', 1, '101.0000', '200.0000', '15.0000', 1, '2013-05-10 14:30:52'),
(66, 7, 3, NULL, 'D', 1, '201.0000', '300.0000', '22.5000', 1, '2013-05-10 14:31:26'),
(67, 7, 3, NULL, 'D', 1, '301.0000', '400.0000', '30.0000', 1, '2013-05-10 14:31:41'),
(68, 7, 3, NULL, 'D', 1, '401.0000', '500.0000', '37.5000', 1, '2013-05-10 14:31:51'),
(69, 7, 3, NULL, 'D', 1, '501.0000', '600.0000', '45.0000', 1, '2013-05-10 14:32:18'),
(70, 7, 3, NULL, 'D', 1, '601.0000', '700.0000', '52.5000', 1, '2013-05-10 14:32:35'),
(71, 7, 3, NULL, 'D', 1, '701.0000', '800.0000', '60.0000', 1, '2013-05-10 14:32:46'),
(72, 7, 3, NULL, 'D', 1, '801.0000', '900.0000', '67.5000', 1, '2013-05-10 14:32:59'),
(73, 7, 3, NULL, 'D', 1, '901.0000', '1000.0000', '75.0000', 1, '2013-05-10 14:33:09'),
(74, 7, 3, NULL, 'D', 1, '1001.0000', '1100.0000', '82.5000', 1, '2013-05-10 14:33:22'),
(75, 7, 3, NULL, 'D', 1, '1101.0000', '1200.0000', '90.0000', 1, '2013-05-10 14:33:43'),
(76, 7, 3, NULL, 'D', 1, '1201.0000', '1300.0000', '97.5000', 1, '2013-05-10 14:33:58'),
(77, 7, 3, NULL, 'D', 1, '1301.0000', '1400.0000', '105.0000', 1, '2013-05-10 14:34:13'),
(78, 7, 3, NULL, 'D', 1, '1401.0000', '1500.0000', '112.5000', 1, '2013-05-10 14:34:37'),
(79, 7, 3, NULL, 'D', 1, '1501.0000', '1600.0000', '120.0000', 1, '2013-05-10 14:36:03'),
(80, 7, 3, NULL, 'D', 1, '1601.0000', '1700.0000', '127.5000', 1, '2013-05-10 14:36:14'),
(81, 7, 3, NULL, 'D', 1, '1701.0000', '1800.0000', '135.0000', 1, '2013-05-10 14:36:25'),
(82, 7, 3, NULL, 'D', 1, '1801.0000', '1900.0000', '142.5000', 1, '2013-05-10 14:36:37'),
(83, 7, 3, NULL, 'D', 1, '1901.0000', '2000.0000', '150.0000', 1, '2013-05-10 14:36:50'),
(84, 7, 3, NULL, 'D', 1, '2001.0000', '2100.0000', '157.5000', 1, '2013-05-10 14:37:05'),
(85, 7, 3, NULL, 'D', 1, '2101.0000', '2200.0000', '165.0000', 1, '2013-05-10 14:37:18'),
(86, 7, 3, NULL, 'D', 1, '2201.0000', '2300.0000', '172.5000', 1, '2013-05-10 14:37:29'),
(87, 7, 3, NULL, 'D', 1, '2301.0000', '2400.0000', '180.0000', 1, '2013-05-10 14:37:42'),
(88, 7, 3, NULL, 'D', 1, '2401.0000', '2500.0000', '187.5000', 1, '2013-05-10 14:37:55'),
(89, 7, 3, NULL, 'D', 1, '2501.0000', '2600.0000', '195.0000', 1, '2013-05-10 14:38:08'),
(90, 7, 3, NULL, 'D', 1, '2601.0000', '2700.0000', '202.5000', 1, '2013-05-10 14:38:21'),
(91, 7, 3, NULL, 'D', 1, '2701.0000', '2800.0000', '210.0000', 1, '2013-05-10 14:38:36'),
(92, 7, 3, NULL, 'D', 1, '2801.0000', '2900.0000', '217.5000', 1, '2013-05-10 14:38:48'),
(93, 7, 3, NULL, 'D', 1, '2901.0000', '3000.0000', '225.0000', 1, '2013-05-10 14:38:59'),
(94, 7, 3, NULL, 'D', 1, '3001.0000', '3100.0000', '232.5000', 1, '2013-05-10 14:46:41'),
(95, 7, 3, NULL, 'D', 1, '3101.0000', '3200.0000', '240.0000', 1, '2013-05-10 14:47:00'),
(96, 7, 3, NULL, 'D', 1, '3201.0000', '3300.0000', '247.5000', 1, '2013-05-10 14:47:10'),
(97, 7, 3, NULL, 'D', 1, '3301.0000', '3400.0000', '255.0000', 1, '2013-05-10 14:47:22'),
(98, 7, 3, NULL, 'D', 1, '3401.0000', '3500.0000', '262.5000', 1, '2013-05-10 14:47:37'),
(99, 7, 3, NULL, 'D', 1, '3501.0000', '3600.0000', '270.0000', 1, '2013-05-10 14:47:48'),
(100, 7, 3, NULL, 'D', 1, '3601.0000', '3700.0000', '277.5000', 1, '2013-05-10 14:48:00'),
(101, 7, 3, NULL, 'D', 1, '3701.0000', '3800.0000', '285.0000', 1, '2013-05-10 14:48:11'),
(102, 7, 3, NULL, 'D', 1, '3801.0000', '3900.0000', '292.5000', 1, '2013-05-10 14:48:28'),
(103, 7, 3, NULL, 'D', 1, '3901.0000', '4000.0000', '300.0000', 1, '2013-05-10 14:48:39'),
(104, 7, 3, NULL, 'D', 1, '4001.0000', '4100.0000', '307.5000', 1, '2013-05-10 14:48:53'),
(105, 7, 3, NULL, 'D', 1, '4101.0000', '4200.0000', '315.0000', 1, '2013-05-10 14:49:05'),
(106, 7, 3, NULL, 'D', 1, '4201.0000', '4300.0000', '322.5000', 1, '2013-05-10 14:49:29'),
(107, 7, 3, NULL, 'D', 1, '4301.0000', '4400.0000', '330.0000', 1, '2013-05-10 14:49:42'),
(108, 7, 3, NULL, 'D', 1, '4401.0000', '4500.0000', '337.5000', 1, '2013-05-10 14:49:54'),
(109, 7, 3, NULL, 'D', 1, '4501.0000', '4600.0000', '345.0000', 1, '2013-05-10 14:50:05'),
(110, 7, 3, NULL, 'D', 1, '4601.0000', '4700.0000', '352.5000', 1, '2013-05-10 14:50:18'),
(111, 7, 3, NULL, 'D', 1, '4701.0000', '4800.0000', '360.0000', 1, '2013-05-10 14:50:27'),
(112, 7, 3, NULL, 'D', 1, '4801.0000', '4900.0000', '367.5000', 1, '2013-05-10 14:50:41'),
(113, 7, 3, NULL, 'D', 1, '4901.0000', '5000.0000', '375.0000', 1, '2013-05-10 14:50:54'),
(114, 8, 3, NULL, 'D', 1, '0.0001', '100.0000', '2.5000', 1, '2013-05-13 19:25:40'),
(115, 8, 3, NULL, 'D', 1, '101.0000', '200.0000', '5.0000', 1, '2013-05-13 19:25:40'),
(116, 8, 3, NULL, 'D', 1, '201.0000', '300.0000', '7.5000', 1, '2013-05-13 19:25:40'),
(117, 8, 3, NULL, 'D', 1, '301.0000', '400.0000', '10.0000', 1, '2013-05-13 19:25:40'),
(118, 8, 3, NULL, 'D', 1, '401.0000', '500.0000', '12.5000', 1, '2013-05-13 19:25:40'),
(119, 8, 3, NULL, 'D', 1, '501.0000', '600.0000', '15.0000', 1, '2013-05-13 19:25:40'),
(120, 9, 3, NULL, 'D', 1, '0.0001', '100.0000', '7.5000', 1, '2013-05-14 13:25:00'),
(121, 9, 3, NULL, 'D', 1, '101.0000', '200.0000', '15.0000', 1, '2013-05-14 13:25:00'),
(122, 9, 3, NULL, 'D', 1, '201.0000', '300.0000', '22.5000', 1, '2013-05-14 13:25:00'),
(123, 9, 3, NULL, 'D', 1, '301.0000', '400.0000', '30.0000', 1, '2013-05-14 13:25:00'),
(124, 9, 3, NULL, 'D', 1, '401.0000', '500.0000', '37.5000', 1, '2013-05-14 13:25:00'),
(125, 9, 3, NULL, 'D', 1, '501.0000', '600.0000', '45.0000', 1, '2013-05-14 13:25:00'),
(126, 9, 3, NULL, 'D', 1, '601.0000', '700.0000', '52.5000', 1, '2013-05-14 13:25:00'),
(127, 9, 3, NULL, 'D', 1, '701.0000', '800.0000', '60.0000', 1, '2013-05-14 13:25:00'),
(128, 9, 3, NULL, 'D', 1, '801.0000', '900.0000', '67.5000', 1, '2013-05-14 13:25:00'),
(129, 9, 3, NULL, 'D', 1, '901.0000', '1000.0000', '75.0000', 1, '2013-05-14 13:25:00'),
(130, 9, 3, NULL, 'D', 1, '1001.0000', '1100.0000', '82.5000', 1, '2013-05-14 13:25:00'),
(131, 9, 3, NULL, 'D', 1, '1101.0000', '1200.0000', '90.0000', 1, '2013-05-14 13:25:00'),
(132, 9, 3, NULL, 'D', 1, '1201.0000', '1300.0000', '97.5000', 1, '2013-05-14 13:25:00'),
(133, 9, 3, NULL, 'D', 1, '1301.0000', '1400.0000', '105.0000', 1, '2013-05-14 13:25:00'),
(134, 9, 3, NULL, 'D', 1, '1401.0000', '1500.0000', '112.5000', 1, '2013-05-14 13:25:00'),
(135, 9, 3, NULL, 'D', 1, '1501.0000', '1600.0000', '120.0000', 1, '2013-05-14 13:25:00'),
(136, 9, 3, NULL, 'D', 1, '1601.0000', '1700.0000', '127.5000', 1, '2013-05-14 13:25:00'),
(137, 9, 3, NULL, 'D', 1, '1701.0000', '1800.0000', '135.0000', 1, '2013-05-14 13:25:00'),
(138, 9, 3, NULL, 'D', 1, '1801.0000', '1900.0000', '142.5000', 1, '2013-05-14 13:25:00'),
(139, 9, 3, NULL, 'D', 1, '1901.0000', '2000.0000', '150.0000', 1, '2013-05-14 13:25:00'),
(140, 9, 3, NULL, 'D', 1, '2001.0000', '2100.0000', '157.5000', 1, '2013-05-14 13:25:00'),
(141, 9, 3, NULL, 'D', 1, '2101.0000', '2200.0000', '165.0000', 1, '2013-05-14 13:25:00'),
(142, 9, 3, NULL, 'D', 1, '2201.0000', '2300.0000', '172.5000', 1, '2013-05-14 13:25:00'),
(143, 9, 3, NULL, 'D', 1, '2301.0000', '2400.0000', '180.0000', 1, '2013-05-14 13:25:00'),
(144, 9, 3, NULL, 'D', 1, '2401.0000', '2500.0000', '187.5000', 1, '2013-05-14 13:25:00'),
(145, 9, 3, NULL, 'D', 1, '2501.0000', '2600.0000', '195.0000', 1, '2013-05-14 13:25:00'),
(146, 9, 3, NULL, 'D', 1, '2601.0000', '2700.0000', '202.5000', 1, '2013-05-14 13:25:00'),
(147, 9, 3, NULL, 'D', 1, '2701.0000', '2800.0000', '210.0000', 1, '2013-05-14 13:25:00'),
(148, 9, 3, NULL, 'D', 1, '2801.0000', '2900.0000', '217.5000', 1, '2013-05-14 13:25:00'),
(149, 9, 3, NULL, 'D', 1, '2901.0000', '3000.0000', '225.0000', 1, '2013-05-14 13:25:00'),
(150, 9, 3, NULL, 'D', 1, '3001.0000', '3100.0000', '232.5000', 1, '2013-05-14 13:25:00'),
(151, 9, 3, NULL, 'D', 1, '3101.0000', '3200.0000', '240.0000', 1, '2013-05-14 13:25:00'),
(152, 9, 3, NULL, 'D', 1, '3201.0000', '3300.0000', '247.5000', 1, '2013-05-14 13:25:00'),
(153, 9, 3, NULL, 'D', 1, '3301.0000', '3400.0000', '255.0000', 1, '2013-05-14 13:25:00'),
(154, 9, 3, NULL, 'D', 1, '3401.0000', '3500.0000', '262.5000', 1, '2013-05-14 13:25:00'),
(155, 9, 3, NULL, 'D', 1, '3501.0000', '3600.0000', '270.0000', 1, '2013-05-14 13:25:00'),
(156, 9, 3, NULL, 'D', 1, '3601.0000', '3700.0000', '277.5000', 1, '2013-05-14 13:25:00'),
(157, 9, 3, NULL, 'D', 1, '3701.0000', '3800.0000', '285.0000', 1, '2013-05-14 13:25:00'),
(158, 9, 3, NULL, 'D', 1, '3801.0000', '3900.0000', '292.5000', 1, '2013-05-14 13:25:00'),
(159, 9, 3, NULL, 'D', 1, '3901.0000', '4000.0000', '300.0000', 1, '2013-05-14 13:25:00'),
(160, 9, 3, NULL, 'D', 1, '4001.0000', '4100.0000', '307.5000', 1, '2013-05-14 13:25:00'),
(161, 9, 3, NULL, 'D', 1, '4101.0000', '4200.0000', '315.0000', 1, '2013-05-14 13:25:00'),
(162, 9, 3, NULL, 'D', 1, '4201.0000', '4300.0000', '322.5000', 1, '2013-05-14 13:25:00'),
(163, 9, 3, NULL, 'D', 1, '4301.0000', '4400.0000', '330.0000', 1, '2013-05-14 13:25:00'),
(164, 9, 3, NULL, 'D', 1, '4401.0000', '4500.0000', '337.5000', 1, '2013-05-14 13:25:00'),
(165, 9, 3, NULL, 'D', 1, '4501.0000', '4600.0000', '345.0000', 1, '2013-05-14 13:25:00'),
(166, 9, 3, NULL, 'D', 1, '4601.0000', '4700.0000', '352.5000', 1, '2013-05-14 13:25:00'),
(167, 9, 3, NULL, 'D', 1, '4701.0000', '4800.0000', '360.0000', 1, '2013-05-14 13:25:00'),
(168, 9, 3, NULL, 'D', 1, '4801.0000', '4900.0000', '367.5000', 1, '2013-05-14 13:25:00'),
(169, 9, 3, NULL, 'D', 1, '4901.0000', '5000.0000', '375.0000', 1, '2013-05-14 13:25:00'),
(170, 10, 3, NULL, 'D', 1, '0.0001', '100.0000', '2.5000', 1, '2013-05-14 13:26:27'),
(171, 10, 3, NULL, 'D', 1, '101.0000', '200.0000', '5.0000', 1, '2013-05-14 13:26:27'),
(172, 10, 3, NULL, 'D', 1, '201.0000', '300.0000', '7.5000', 1, '2013-05-14 13:26:27'),
(173, 10, 3, NULL, 'D', 1, '301.0000', '400.0000', '10.0000', 1, '2013-05-14 13:26:27'),
(174, 10, 3, NULL, 'D', 1, '401.0000', '500.0000', '12.5000', 1, '2013-05-14 13:26:27'),
(175, 10, 3, NULL, 'D', 1, '501.0000', '600.0000', '15.0000', 1, '2013-05-14 13:26:27'),
(176, 6, 3, NULL, 'D', 1, '601.0000', '700.0000', '17.5000', 1, '2013-05-27 19:52:58'),
(177, 6, 3, NULL, 'D', 1, '701.0000', '800.0000', '20.0000', 1, '2013-05-27 19:53:07'),
(178, 6, 3, NULL, 'D', 1, '801.0000', '900.0000', '22.5000', 1, '2013-05-27 19:53:18'),
(179, 6, 3, NULL, 'D', 1, '901.0000', '1000.0000', '25.0000', 1, '2013-05-27 19:53:31'),
(180, 6, 3, NULL, 'D', 1, '1001.0000', '1100.0000', '27.5000', 1, '2013-05-27 19:53:45'),
(181, 6, 3, NULL, 'D', 1, '1101.0000', '1200.0000', '30.0000', 1, '2013-05-27 19:53:56'),
(182, 6, 3, NULL, 'D', 1, '1201.0000', '1300.0000', '32.5000', 1, '2013-05-27 19:54:14'),
(183, 6, 3, NULL, 'D', 1, '1301.0000', '1400.0000', '35.0000', 1, '2013-05-27 19:54:26'),
(184, 6, 3, NULL, 'D', 1, '1401.0000', '1500.0000', '37.5000', 1, '2013-05-27 19:54:41'),
(185, 6, 3, NULL, 'D', 1, '1501.0000', '1600.0000', '40.0000', 1, '2013-05-27 19:54:52'),
(186, 6, 3, NULL, 'D', 1, '1601.0000', '1700.0000', '42.5000', 1, '2013-05-27 19:55:17'),
(187, 6, 3, NULL, 'D', 1, '1701.0000', '1800.0000', '45.0000', 1, '2013-05-27 19:55:33'),
(188, 6, 3, NULL, 'D', 1, '1801.0000', '1900.0000', '47.5000', 1, '2013-05-27 19:55:46'),
(189, 6, 3, NULL, 'D', 1, '1901.0000', '2000.0000', '50.0000', 1, '2013-05-27 19:56:03'),
(190, 6, 3, NULL, 'D', 1, '2001.0000', '2100.0000', '52.5000', 1, '2013-05-27 19:56:26'),
(191, 6, 3, NULL, 'D', 1, '2101.0000', '2200.0000', '55.0000', 1, '2013-05-27 19:56:52'),
(192, 6, 3, NULL, 'D', 1, '2201.0000', '2300.0000', '57.5000', 1, '2013-05-27 19:57:07'),
(193, 6, 3, NULL, 'D', 1, '2301.0000', '2400.0000', '60.0000', 1, '2013-05-27 19:57:16'),
(194, 6, 3, NULL, 'D', 1, '2401.0000', '2500.0000', '62.5000', 1, '2013-05-27 19:57:26'),
(195, 6, 3, NULL, 'D', 1, '2501.0000', '2600.0000', '65.0000', 1, '2013-05-27 19:57:39'),
(196, 6, 3, NULL, 'D', 1, '2601.0000', '2700.0000', '67.5000', 1, '2013-05-27 19:57:48'),
(197, 6, 3, NULL, 'D', 1, '2701.0000', '2800.0000', '70.0000', 1, '2013-05-27 19:57:59'),
(198, 6, 3, NULL, 'D', 1, '2801.0000', '2900.0000', '72.5000', 1, '2013-05-27 19:58:09'),
(199, 6, 3, NULL, 'D', 1, '2901.0000', '3000.0000', '75.0000', 1, '2013-05-27 19:58:19'),
(200, 6, 3, NULL, 'D', 1, '3001.0000', '3100.0000', '77.5000', 1, '2013-05-27 19:58:30'),
(201, 6, 3, NULL, 'D', 1, '3101.0000', '3200.0000', '80.0000', 1, '2013-05-27 19:58:41'),
(202, 6, 3, NULL, 'D', 1, '3201.0000', '3300.0000', '82.5000', 1, '2013-05-27 19:58:52'),
(203, 6, 3, NULL, 'D', 1, '3301.0000', '3400.0000', '85.0000', 1, '2013-05-27 19:59:06'),
(204, 6, 3, NULL, 'D', 1, '3401.0000', '3500.0000', '87.5000', 1, '2013-05-27 19:59:17'),
(205, 6, 3, NULL, 'D', 1, '3501.0000', '3600.0000', '90.0000', 1, '2013-05-27 19:59:26'),
(206, 6, 3, NULL, 'D', 1, '3601.0000', '3700.0000', '92.5000', 1, '2013-05-27 19:59:49'),
(207, 6, 3, NULL, 'D', 1, '3701.0000', '3800.0000', '95.0000', 1, '2013-05-27 19:59:57'),
(208, 6, 3, NULL, 'D', 1, '3801.0000', '3900.0000', '97.5000', 1, '2013-05-27 20:00:07'),
(209, 6, 3, NULL, 'D', 1, '3901.0000', '4000.0000', '100.0000', 1, '2013-05-27 20:00:21'),
(210, 6, 3, NULL, 'D', 1, '4001.0000', '4100.0000', '102.5000', 1, '2013-05-27 20:00:34'),
(211, 6, 3, NULL, 'D', 1, '4101.0000', '4200.0000', '105.0000', 1, '2013-05-27 20:00:53'),
(212, 6, 3, NULL, 'D', 1, '4201.0000', '4300.0000', '107.5000', 1, '2013-05-27 20:01:03'),
(213, 6, 3, NULL, 'D', 1, '4301.0000', '4400.0000', '110.0000', 1, '2013-05-27 20:01:14'),
(214, 6, 3, NULL, 'D', 1, '4401.0000', '4500.0000', '112.5000', 1, '2013-05-27 20:01:26'),
(215, 8, 3, NULL, 'D', 1, '601.0000', '700.0000', '17.5000', 1, '2013-05-31 12:25:40'),
(216, 8, 3, NULL, 'D', 1, '701.0000', '800.0000', '20.0000', 1, '2013-05-31 12:25:49'),
(217, 8, 3, NULL, 'D', 1, '801.0000', '900.0000', '22.5000', 1, '2013-05-31 12:25:58'),
(218, 8, 3, NULL, 'D', 1, '901.0000', '1000.0000', '25.0000', 1, '2013-05-31 12:26:08'),
(219, 8, 3, NULL, 'D', 1, '1001.0000', '1100.0000', '27.5000', 1, '2013-05-31 12:26:24'),
(220, 8, 3, NULL, 'D', 1, '1101.0000', '1200.0000', '30.0000', 1, '2013-05-31 12:26:35'),
(221, 8, 3, NULL, 'D', 1, '1201.0000', '1300.0000', '32.5000', 1, '2013-05-31 12:26:45'),
(222, 8, 3, NULL, 'D', 1, '1301.0000', '1400.0000', '35.0000', 1, '2013-05-31 12:27:03'),
(223, 8, 3, NULL, 'D', 1, '1401.0000', '1500.0000', '37.5000', 1, '2013-05-31 12:27:11'),
(224, 8, 3, NULL, 'D', 1, '1501.0000', '1600.0000', '40.0000', 1, '2013-05-31 12:27:20'),
(225, 8, 3, NULL, 'D', 1, '1601.0000', '1700.0000', '42.5000', 1, '2013-05-31 12:27:31'),
(226, 8, 3, NULL, 'D', 1, '1701.0000', '1800.0000', '45.0000', 1, '2013-05-31 12:27:41'),
(227, 8, 3, NULL, 'D', 1, '1801.0000', '1900.0000', '47.5000', 1, '2013-05-31 12:27:54'),
(228, 8, 3, NULL, 'D', 1, '1901.0000', '2000.0000', '50.0000', 1, '2013-05-31 12:28:05'),
(229, 8, 3, NULL, 'D', 1, '2001.0000', '2100.0000', '52.5000', 1, '2013-05-31 12:28:15'),
(230, 8, 3, NULL, 'D', 1, '2101.0000', '2200.0000', '55.0000', 1, '2013-05-31 12:28:29'),
(231, 8, 3, NULL, 'D', 1, '2201.0000', '2300.0000', '57.5000', 1, '2013-05-31 12:28:41'),
(232, 8, 3, NULL, 'D', 1, '2301.0000', '2400.0000', '60.0000', 1, '2013-05-31 12:28:50'),
(233, 8, 3, NULL, 'D', 1, '2401.0000', '2500.0000', '62.5000', 1, '2013-05-31 12:28:59'),
(234, 8, 3, NULL, 'D', 1, '2501.0000', '2600.0000', '65.0000', 1, '2013-05-31 12:29:19'),
(235, 8, 3, NULL, 'D', 1, '2601.0000', '2700.0000', '67.5000', 1, '2013-05-31 12:29:29'),
(236, 8, 3, NULL, 'D', 1, '2701.0000', '2800.0000', '70.0000', 1, '2013-05-31 12:29:37'),
(237, 8, 3, NULL, 'D', 1, '2801.0000', '2900.0000', '72.5000', 1, '2013-05-31 12:29:48'),
(238, 8, 3, NULL, 'D', 1, '2901.0000', '3000.0000', '75.0000', 1, '2013-05-31 12:29:58'),
(239, 8, 3, NULL, 'D', 1, '3001.0000', '3100.0000', '77.5000', 1, '2013-05-31 12:30:07'),
(240, 8, 3, NULL, 'D', 1, '3101.0000', '3200.0000', '80.0000', 1, '2013-05-31 12:30:17'),
(241, 8, 3, NULL, 'D', 1, '3201.0000', '3300.0000', '82.5000', 1, '2013-05-31 12:30:25'),
(242, 8, 3, NULL, 'D', 1, '3301.0000', '3400.0000', '85.0000', 1, '2013-05-31 12:30:33'),
(243, 8, 3, NULL, 'D', 1, '3401.0000', '3500.0000', '87.5000', 1, '2013-05-31 12:30:42'),
(244, 8, 3, NULL, 'D', 1, '3501.0000', '3600.0000', '90.0000', 1, '2013-05-31 12:30:52'),
(245, 8, 3, NULL, 'D', 1, '3601.0000', '3700.0000', '92.5000', 1, '2013-05-31 12:31:01'),
(246, 8, 3, NULL, 'D', 1, '3701.0000', '3800.0000', '95.0000', 1, '2013-05-31 12:31:08'),
(247, 8, 3, NULL, 'D', 1, '3801.0000', '3900.0000', '97.5000', 1, '2013-05-31 12:31:17'),
(248, 8, 3, NULL, 'D', 1, '3901.0000', '4000.0000', '100.0000', 1, '2013-05-31 12:31:41'),
(249, 8, 3, NULL, 'D', 1, '4001.0000', '4100.0000', '102.5000', 1, '2013-05-31 12:32:07'),
(250, 8, 3, NULL, 'D', 1, '4101.0000', '4200.0000', '105.0000', 1, '2013-05-31 12:32:17'),
(251, 8, 3, NULL, 'D', 1, '4201.0000', '4300.0000', '107.5000', 1, '2013-05-31 12:32:25'),
(252, 8, 3, NULL, 'D', 1, '4301.0000', '4400.0000', '110.0000', 1, '2013-05-31 12:32:33'),
(253, 8, 3, NULL, 'D', 1, '4401.0000', '4500.0000', '112.5000', 1, '2013-05-31 12:32:43'),
(254, 8, 3, NULL, 'D', 1, '4501.0000', '4600.0000', '115.0000', 1, '2013-05-31 12:32:53'),
(255, 8, 3, NULL, 'D', 1, '4601.0000', '4700.0000', '117.5000', 1, '2013-05-31 12:33:19'),
(256, 8, 3, NULL, 'D', 1, '4701.0000', '4800.0000', '120.0000', 1, '2013-05-31 12:33:30'),
(257, 8, 3, NULL, 'D', 1, '4801.0000', '4900.0000', '122.5000', 1, '2013-05-31 12:33:39'),
(258, 8, 3, NULL, 'D', 1, '4901.0000', '5000.0000', '125.0000', 1, '2013-05-31 12:33:54'),
(259, 10, 3, NULL, 'D', 1, '601.0000', '700.0000', '17.5000', 1, '2013-05-31 14:39:21'),
(260, 10, 3, NULL, 'D', 1, '701.0000', '800.0000', '20.0000', 1, '2013-05-31 14:39:28'),
(261, 10, 3, NULL, 'D', 1, '801.0000', '900.0000', '22.5000', 1, '2013-05-31 14:39:35'),
(262, 10, 3, NULL, 'D', 1, '901.0000', '1000.0000', '25.0000', 1, '2013-05-31 14:39:42'),
(263, 10, 3, NULL, 'D', 1, '1001.0000', '1100.0000', '27.5000', 1, '2013-05-31 14:39:52'),
(264, 10, 3, NULL, 'D', 1, '1101.0000', '1200.0000', '30.0000', 1, '2013-05-31 14:40:01'),
(265, 10, 3, NULL, 'D', 1, '1201.0000', '1300.0000', '32.5000', 1, '2013-05-31 14:40:10'),
(266, 10, 3, NULL, 'D', 1, '1301.0000', '1400.0000', '35.0000', 1, '2013-05-31 14:40:18'),
(267, 10, 3, NULL, 'D', 1, '1401.0000', '1500.0000', '37.5000', 1, '2013-05-31 14:40:32'),
(268, 10, 3, NULL, 'D', 1, '1501.0000', '1600.0000', '40.0000', 1, '2013-05-31 14:40:39'),
(269, 10, 3, NULL, 'D', 1, '1601.0000', '1700.0000', '42.5000', 1, '2013-05-31 14:40:47'),
(270, 10, 3, NULL, 'D', 1, '1701.0000', '1800.0000', '45.0000', 1, '2013-05-31 14:40:55'),
(271, 10, 3, NULL, 'D', 1, '1801.0000', '1900.0000', '47.5000', 1, '2013-05-31 14:41:06'),
(272, 10, 3, NULL, 'D', 1, '1901.0000', '2000.0000', '50.0000', 1, '2013-05-31 14:41:15'),
(273, 10, 3, NULL, 'D', 1, '2001.0000', '2100.0000', '52.5000', 1, '2013-05-31 14:41:26'),
(274, 10, 3, NULL, 'D', 1, '2101.0000', '2200.0000', '55.0000', 1, '2013-05-31 14:41:43'),
(275, 10, 3, NULL, 'D', 1, '2201.0000', '2300.0000', '57.5000', 1, '2013-05-31 14:41:54'),
(276, 10, 3, NULL, 'D', 1, '2301.0000', '2400.0000', '60.0000', 1, '2013-05-31 14:42:04'),
(277, 10, 3, NULL, 'D', 1, '2401.0000', '2500.0000', '62.5000', 1, '2013-05-31 14:42:12'),
(278, 10, 3, NULL, 'D', 1, '2501.0000', '2600.0000', '65.0000', 1, '2013-05-31 14:42:21'),
(279, 10, 3, NULL, 'D', 1, '2601.0000', '2700.0000', '67.5000', 1, '2013-05-31 14:42:29'),
(280, 10, 3, NULL, 'D', 1, '2701.0000', '2800.0000', '70.0000', 1, '2013-05-31 14:42:36'),
(281, 10, 3, NULL, 'D', 1, '2801.0000', '2900.0000', '72.5000', 1, '2013-05-31 14:42:46'),
(282, 10, 3, NULL, 'D', 1, '2901.0000', '3000.0000', '75.0000', 1, '2013-05-31 14:42:55'),
(283, 10, 3, NULL, 'D', 1, '3001.0000', '3100.0000', '77.5000', 1, '2013-05-31 14:43:05'),
(284, 10, 3, NULL, 'D', 1, '3101.0000', '3200.0000', '80.0000', 1, '2013-05-31 14:43:17'),
(285, 10, 3, NULL, 'D', 1, '3201.0000', '3300.0000', '82.5000', 1, '2013-05-31 14:43:25'),
(286, 10, 3, NULL, 'D', 1, '3301.0000', '3400.0000', '85.0000', 1, '2013-05-31 14:43:33'),
(287, 10, 3, NULL, 'D', 1, '3401.0000', '3500.0000', '87.5000', 1, '2013-05-31 14:43:46'),
(288, 10, 3, NULL, 'D', 1, '3501.0000', '3600.0000', '90.0000', 1, '2013-05-31 14:43:56'),
(289, 10, 3, NULL, 'D', 1, '3601.0000', '3700.0000', '92.5000', 1, '2013-05-31 14:44:04'),
(290, 10, 3, NULL, 'D', 1, '3701.0000', '3800.0000', '95.0000', 1, '2013-05-31 14:44:12'),
(291, 10, 3, NULL, 'D', 1, '3801.0000', '3900.0000', '97.5000', 1, '2013-05-31 14:44:26'),
(292, 10, 3, NULL, 'D', 1, '3901.0000', '4000.0000', '100.0000', 1, '2013-05-31 14:44:39'),
(293, 10, 3, NULL, 'D', 1, '4001.0000', '4100.0000', '102.5000', 1, '2013-05-31 14:44:49'),
(294, 10, 3, NULL, 'D', 1, '4101.0000', '4200.0000', '105.0000', 1, '2013-05-31 14:44:58'),
(295, 10, 3, NULL, 'D', 1, '4201.0000', '4300.0000', '107.5000', 1, '2013-05-31 14:45:06'),
(296, 10, 3, NULL, 'D', 1, '4301.0000', '4400.0000', '110.0000', 1, '2013-05-31 14:45:14'),
(297, 10, 3, NULL, 'D', 1, '4401.0000', '4500.0000', '112.5000', 1, '2013-05-31 14:45:24'),
(298, 10, 3, NULL, 'D', 1, '4501.0000', '4600.0000', '115.0000', 1, '2013-05-31 14:45:31'),
(299, 10, 3, NULL, 'D', 1, '4601.0000', '4700.0000', '117.5000', 1, '2013-05-31 14:45:40'),
(300, 10, 3, NULL, 'D', 1, '4701.0000', '4800.0000', '120.0000', 1, '2013-05-31 14:45:47'),
(301, 10, 3, NULL, 'D', 1, '4801.0000', '4900.0000', '122.5000', 1, '2013-05-31 14:46:03'),
(303, 10, 3, NULL, 'D', 1, '4901.0000', '5000.0000', '125.0000', 1, '2013-05-31 14:46:22'),
(304, 3, 3, NULL, 'D', 1, '1001.0000', '1100.0000', '82.5000', 1, '2013-05-31 14:48:55'),
(305, 3, 3, NULL, 'D', 1, '1101.0000', '1200.0000', '90.0000', 1, '2013-05-31 14:49:06'),
(306, 3, 3, NULL, 'D', 1, '1201.0000', '1300.0000', '97.5000', 1, '2013-05-31 14:49:17'),
(307, 3, 3, NULL, 'D', 1, '1301.0000', '1400.0000', '105.0000', 1, '2013-05-31 14:49:32'),
(308, 3, 3, NULL, 'D', 1, '1401.0000', '1500.0000', '112.5000', 1, '2013-05-31 14:49:42'),
(309, 3, 3, NULL, 'D', 1, '1501.0000', '1600.0000', '120.0000', 1, '2013-05-31 14:49:51'),
(310, 3, 3, NULL, 'D', 1, '1601.0000', '1700.0000', '127.5000', 1, '2013-05-31 14:50:07'),
(311, 3, 3, NULL, 'D', 1, '1701.0000', '1800.0000', '135.0000', 1, '2013-05-31 14:50:17'),
(312, 3, 3, NULL, 'D', 1, '1801.0000', '1900.0000', '142.5000', 1, '2013-05-31 14:50:26'),
(313, 3, 3, NULL, 'D', 1, '1901.0000', '2000.0000', '150.0000', 1, '2013-05-31 14:50:39'),
(314, 3, 3, NULL, 'D', 1, '2001.0000', '2100.0000', '157.5000', 1, '2013-05-31 14:50:56'),
(315, 3, 3, NULL, 'D', 1, '2101.0000', '2200.0000', '165.0000', 1, '2013-05-31 14:51:07'),
(316, 3, 3, NULL, 'D', 1, '2201.0000', '2300.0000', '172.5000', 1, '2013-05-31 14:51:17'),
(317, 3, 3, NULL, 'D', 1, '2301.0000', '2400.0000', '180.0000', 1, '2013-05-31 14:51:27'),
(318, 3, 3, NULL, 'D', 1, '2401.0000', '2500.0000', '187.5000', 1, '2013-05-31 14:51:40');

-- --------------------------------------------------------

--
-- Estrutura da tabela amfrete_tab_transp_var
--

CREATE TABLE IF NOT EXISTS amfrete_tab_transp_var (
  frete_tab_transp int(10) NOT NULL COMMENT 'Identificador da tabela de frete da transportadora.',
  frete_variavel int(10) NOT NULL COMMENT 'Identificador da variável a ser detalhada.',
  tp_faixa int(10) DEFAULT NULL COMMENT 'Tipo de faixa.',
  tp_calc_valor int(10) DEFAULT NULL COMMENT 'Tipo de cálculo aplicado no valor.',
  vlr_variavel decimal(16,4) DEFAULT NULL COMMENT 'Valor da variável.',
  usuario_inst int(10) NOT NULL COMMENT 'Usuário responsável pela inclusão/alteração.',
  dt_inst timestamp NOT NULL DEFAULT CURRENT_TIMESTAMP ON UPDATE CURRENT_TIMESTAMP COMMENT 'Data da inclusão/alteração.',
  PRIMARY KEY (frete_tab_transp,frete_variavel),
  KEY FKAMFR_TAB_TRAN_VAR_AMFR_FAIXA (tp_faixa),
  KEY FKAMFR_TAB_TRAN_VAR_AMFR_TP_CL (tp_calc_valor),
  KEY FKAMFR_TAB_TRAN_VAR_ASUSUARIO (usuario_inst),
  KEY frete_variavel (frete_variavel)
) ENGINE=InnoDB DEFAULT CHARSET=latin1;

--
-- Extraindo dados da tabela amfrete_tab_transp_var
--

INSERT INTO amfrete_tab_transp_var (frete_tab_transp, frete_variavel, tp_faixa, tp_calc_valor, vlr_variavel, usuario_inst, dt_inst) VALUES
(1, 1, NULL, 4, '0.4000', 1, '2013-03-26 12:35:22'),
(1, 4, NULL, 1, '7.0000', 1, '2013-03-26 12:35:30'),
(1, 5, NULL, 1, '18.0000', 1, '2013-03-26 12:35:36'),
(3, 2, NULL, 4, '0.2000', 1, '2013-03-27 13:09:00'),
(3, 3, 3, NULL, NULL, 1, '2013-03-27 13:13:04'),
(3, 4, 2, NULL, NULL, 1, '2013-03-27 13:18:58'),
(3, 6, 2, NULL, NULL, 1, '2013-03-27 13:21:14'),
(4, 2, NULL, 4, '0.1500', 1, '2013-03-28 14:17:28'),
(4, 3, 3, NULL, NULL, 1, '2013-03-28 14:16:28'),
(4, 4, NULL, 1, '8.5000', 1, '2013-03-28 14:17:58'),
(4, 7, NULL, 4, '0.4000', 1, '2013-03-28 14:18:05'),
(4, 9, NULL, 1, '21.0000', 1, '2013-03-28 14:18:11'),
(5, 1, 1, 4, NULL, 1, '2013-04-04 16:30:55'),
(5, 2, 1, 4, NULL, 1, '2013-04-04 16:30:57'),
(5, 3, 3, 1, NULL, 1, '2013-04-04 16:01:48'),
(6, 2, NULL, 4, '0.1500', 1, '2013-04-25 12:27:46'),
(6, 3, 3, NULL, NULL, 1, '2013-04-25 12:23:25'),
(6, 4, NULL, 1, '10.0000', 1, '2013-04-25 12:21:40'),
(6, 7, NULL, 4, '0.3000', 1, '2013-04-25 12:28:17'),
(6, 9, NULL, 1, '25.0000', 1, '2013-04-25 12:27:07'),
(7, 2, NULL, 4, '0.3000', 1, '2013-05-10 14:30:18'),
(7, 3, 3, NULL, NULL, 1, '2013-05-10 14:30:26'),
(7, 6, NULL, 4, '0.2000', 1, '2013-05-10 14:39:13'),
(8, 2, NULL, 4, '0.1500', 1, '2013-05-13 19:25:40'),
(8, 3, 3, NULL, NULL, 1, '2013-05-13 19:25:40'),
(8, 4, NULL, 1, '10.0000', 1, '2013-05-13 19:25:40'),
(8, 7, NULL, 4, '0.3000', 1, '2013-05-13 19:25:40'),
(8, 9, NULL, 1, '25.0000', 1, '2013-05-13 19:25:40'),
(9, 2, NULL, 4, '0.3000', 1, '2013-05-14 13:25:00'),
(9, 3, 3, NULL, NULL, 1, '2013-05-14 13:25:00'),
(9, 6, NULL, 4, '0.2000', 1, '2013-05-14 13:25:00'),
(10, 2, NULL, 4, '0.1500', 1, '2013-05-14 13:26:27'),
(10, 3, 3, NULL, NULL, 1, '2013-05-14 13:26:27'),
(10, 4, NULL, 1, '10.0000', 1, '2013-05-14 13:26:27'),
(10, 7, NULL, 4, '0.3000', 1, '2013-05-14 13:26:27'),
(10, 9, NULL, 1, '25.0000', 1, '2013-05-14 13:26:27'),
(11, 1, NULL, 4, '0.4000', 1, '2013-05-14 13:35:13'),
(11, 4, NULL, 1, '7.0000', 1, '2013-05-14 13:35:13'),
(11, 5, NULL, 1, '18.0000', 1, '2013-05-14 13:35:13'),
(12, 1, NULL, 4, '0.4000', 1, '2013-05-14 13:36:30'),
(12, 4, NULL, 1, '7.0000', 1, '2013-05-14 13:36:30'),
(12, 5, NULL, 1, '18.0000', 1, '2013-05-14 13:36:30'),
(13, 1, NULL, 4, '0.4000', 1, '2013-07-12 13:20:00'),
(13, 4, NULL, 1, '7.0000', 1, '2013-07-12 13:20:00'),
(13, 5, NULL, 1, '14.0000', 1, '2013-07-12 13:20:36');

-- --------------------------------------------------------

--
-- Estrutura da tabela amfrete_tp_calc_valor
--

CREATE TABLE IF NOT EXISTS amfrete_tp_calc_valor (
  id_tp_calc_valor int(10) NOT NULL AUTO_INCREMENT COMMENT 'Identificador do tipo de cálculo.',
  dsc_tp_calc_valor varchar(100) NOT NULL COMMENT 'Descrição do tipo de cálculo.',
  PRIMARY KEY (id_tp_calc_valor),
  UNIQUE KEY dsc_tp_calc_valor (dsc_tp_calc_valor)
) ENGINE=InnoDB  DEFAULT CHARSET=latin1 AUTO_INCREMENT=5 ;

--
-- Extraindo dados da tabela amfrete_tp_calc_valor
--

INSERT INTO amfrete_tp_calc_valor (id_tp_calc_valor, dsc_tp_calc_valor) VALUES
(4, 'PERCENTUAL DA NOTA FISCAL'),
(1, 'VALOR FIXO'),
(3, 'VALOR POR DISTANCIA (KM)'),
(2, 'VALOR POR PESO (KG)');

-- --------------------------------------------------------

--
-- Estrutura da tabela amfrete_tp_faixa
--

CREATE TABLE IF NOT EXISTS amfrete_tp_faixa (
  id_tp_faixa int(10) NOT NULL AUTO_INCREMENT COMMENT 'Identificador do tipo de faixa.',
  dsc_tp_faixa varchar(20) NOT NULL COMMENT 'Descrição do tipo de faixa.',
  PRIMARY KEY (id_tp_faixa),
  UNIQUE KEY dsc_tp_faixa (dsc_tp_faixa)
) ENGINE=InnoDB  DEFAULT CHARSET=latin1 AUTO_INCREMENT=5 ;

--
-- Extraindo dados da tabela amfrete_tp_faixa
--

INSERT INTO amfrete_tp_faixa (id_tp_faixa, dsc_tp_faixa) VALUES
(2, 'DISTANCIA (KM)'),
(4, 'FIXO'),
(3, 'PESO (KG)'),
(1, 'VALOR DE NOTA FISCAL');

-- --------------------------------------------------------

--
-- Estrutura da tabela amfrete_variavel
--

CREATE TABLE IF NOT EXISTS amfrete_variavel (
  id_frete_variavel int(10) NOT NULL AUTO_INCREMENT COMMENT 'Idenficador da variável.',
  descricao varchar(30) NOT NULL COMMENT 'Descrição da variável.',
  ordem_apresent int(10) NOT NULL COMMENT 'Ordem de apresentação no cálculo.',
  fg_incide_icms varchar(1) NOT NULL COMMENT '[S] indica que incide ICMS, [N] indica que não incide ICMS.',
  PRIMARY KEY (id_frete_variavel),
  UNIQUE KEY descricao (descricao)
) ENGINE=InnoDB  DEFAULT CHARSET=latin1 AUTO_INCREMENT=10 ;

--
-- Extraindo dados da tabela amfrete_variavel
--

INSERT INTO amfrete_variavel (id_frete_variavel, descricao, ordem_apresent, fg_incide_icms) VALUES
(1, 'FRETE VALOR', 1, 'S'),
(2, 'GRIS', 2, 'S'),
(3, 'PEDAGIO', 3, 'S'),
(4, 'DESPACHO', 4, 'S'),
(5, 'SEC/CAT', 5, 'S'),
(6, 'SEGURO', 6, 'S'),
(7, 'AD-VALOREM', 7, 'S'),
(8, 'ICMS', 8, 'N'),
(9, 'TAS', 9, 'S');

-- --------------------------------------------------------

--
-- Estrutura da tabela asusuario
--

CREATE TABLE IF NOT EXISTS asusuario (
  id_usuario int(10) NOT NULL,
  alias_usuario varchar(20) NOT NULL,
  nome varchar(50) NOT NULL,
  senha varchar(20) NOT NULL,
  PRIMARY KEY (id_usuario)
) ENGINE=InnoDB DEFAULT CHARSET=latin1;

--
-- Extraindo dados da tabela asusuario
--

INSERT INTO asusuario (id_usuario, alias_usuario, nome, senha) VALUES
(1, 'root', 'Usuario do Sistema', '1234');

-- --------------------------------------------------------

--
-- Estrutura da tabela fttransportadora
--

CREATE TABLE IF NOT EXISTS fttransportadora (
  id_filial int(10) NOT NULL,
  PRIMARY KEY (id_filial)
) ENGINE=InnoDB DEFAULT CHARSET=latin1;

--
-- Extraindo dados da tabela fttransportadora
--

INSERT INTO fttransportadora (id_filial) VALUES
(3711),
(10323),
(18853),
(20020),
(23688),
(35210),
(43309),
(44234),
(44597),
(49915),
(51239),
(54595),
(59244),
(59275),
(89840),
(96291),
(98992),
(99602),
(99870);

-- --------------------------------------------------------

--
-- Estrutura da tabela uscidade
--

CREATE TABLE IF NOT EXISTS uscidade (
  id_cidade int(10) NOT NULL AUTO_INCREMENT,
  nome varchar(120) DEFAULT NULL,
  estado int(5) DEFAULT NULL,
  PRIMARY KEY (id_cidade),
  KEY fk_Cidade_estado (estado)
) ENGINE=InnoDB  DEFAULT CHARSET=latin1 AUTO_INCREMENT=5565 ;

--
-- Extraindo dados da tabela uscidade
--

INSERT INTO uscidade (id_cidade, nome, estado) VALUES
(5, 'CIDADE 5', 1),
(9, 'CIDADE 9', 1),
(11, 'CIDADE 11', 1),
(15, 'CIDADE 15', 1),
(19, 'CIDADE 19', 1),
(20, 'CIDADE 20', 1),
(21, 'CIDADE 21', 1),
(24, 'CIDADE 24', 1),
(25, 'CIDADE 25', 1),
(28, 'CIDADE 28', 1),
(30, 'CIDADE 30', 1),
(31, 'CIDADE 31', 1),
(32, 'CIDADE 32', 1),
(33, 'CIDADE 33', 1),
(34, 'CIDADE 34', 1),
(35, 'CIDADE 35', 1),
(36, 'CIDADE 36', 1),
(37, 'CIDADE 37', 1),
(39, 'CIDADE 39', 1),
(42, 'CIDADE 42', 1),
(43, 'CIDADE 43', 1),
(45, 'CIDADE 45', 1),
(47, 'CIDADE 47', 1),
(60, 'CIDADE 60', 1),
(70, 'CIDADE 70', 1),
(76, 'CIDADE 76', 1),
(78, 'CIDADE 78', 1),
(81, 'CIDADE 81', 1),
(82, 'CIDADE 82', 1),
(83, 'CIDADE 83', 1),
(84, 'CIDADE 84', 1),
(87, 'CIDADE 87', 1),
(92, 'CIDADE 92', 1),
(105, 'CIDADE 105', 1),
(110, 'CIDADE 110', 1),
(111, 'CIDADE 111', 1),
(112, 'CIDADE 112', 1),
(113, 'CIDADE 113', 1),
(115, 'CIDADE 115', 1),
(118, 'CIDADE 118', 1),
(120, 'CIDADE 120', 1),
(126, 'CIDADE 126', 1),
(128, 'CIDADE 128', 1),
(130, 'CIDADE 130', 1),
(134, 'CIDADE 134', 1),
(136, 'CIDADE 136', 1),
(137, 'CIDADE 137', 1),
(141, 'CIDADE 141', 1),
(144, 'CIDADE 144', 1),
(156, 'CIDADE 156', 1),
(158, 'CIDADE 158', 1),
(164, 'CIDADE 164', 1),
(165, 'CIDADE 165', 1),
(166, 'CIDADE 166', 1),
(167, 'CIDADE 167', 1),
(170, 'CIDADE 170', 1),
(173, 'CIDADE 173', 1),
(174, 'CIDADE 174', 1),
(178, 'CIDADE 178', 1),
(179, 'CIDADE 179', 1),
(181, 'CIDADE 181', 1),
(191, 'CIDADE 191', 1),
(193, 'CIDADE 193', 1),
(196, 'CIDADE 196', 1),
(197, 'CIDADE 197', 1),
(198, 'CIDADE 198', 1),
(202, 'CIDADE 202', 1),
(203, 'CIDADE 203', 1),
(206, 'CIDADE 206', 1),
(212, 'CIDADE 212', 1),
(213, 'CIDADE 213', 1),
(215, 'CIDADE 215', 1),
(216, 'CIDADE 216', 1),
(219, 'CIDADE 219', 1),
(220, 'CIDADE 220', 1),
(221, 'CIDADE 221', 1),
(223, 'CIDADE 223', 1),
(224, 'CIDADE 224', 1),
(225, 'CIDADE 225', 1),
(226, 'CIDADE 226', 1),
(229, 'CIDADE 229', 1),
(233, 'CIDADE 233', 1),
(236, 'CIDADE 236', 1),
(237, 'CIDADE 237', 1),
(238, 'CIDADE 238', 1),
(243, 'CIDADE 243', 1),
(246, 'CIDADE 246', 1),
(247, 'CIDADE 247', 1),
(250, 'CIDADE 250', 1),
(255, 'CIDADE 255', 1),
(257, 'CIDADE 257', 1),
(258, 'CIDADE 258', 1),
(261, 'CIDADE 261', 1),
(263, 'CIDADE 263', 1),
(267, 'CIDADE 267', 1),
(274, 'CIDADE 274', 1),
(275, 'CIDADE 275', 1),
(278, 'CIDADE 278', 1),
(282, 'CIDADE 282', 1),
(285, 'CIDADE 285', 1),
(309, 'CIDADE 309', 1),
(323, 'CIDADE 323', 1),
(327, 'CIDADE 327', 1),
(330, 'CIDADE 330', 1),
(335, 'CIDADE 335', 1),
(337, 'CIDADE 337', 1),
(338, 'CIDADE 338', 1),
(383, 'CIDADE 383', 1),
(407, 'CIDADE 407', 1),
(438, 'CIDADE 438', 1),
(462, 'CIDADE 462', 1),
(490, 'CIDADE 490', 1),
(648, 'CIDADE 648', 1),
(729, 'CIDADE 729', 1),
(752, 'CIDADE 752', 1),
(785, 'CIDADE 785', 1),
(831, 'CIDADE 831', 1),
(922, 'CIDADE 922', 1),
(946, 'CIDADE 946', 1),
(947, 'CIDADE 947', 1),
(948, 'CIDADE 948', 1),
(974, 'CIDADE 974', 1),
(983, 'CIDADE 983', 1),
(1042, 'CIDADE 1042', 1),
(1092, 'CIDADE 1092', 1),
(1113, 'CIDADE 1113', 1),
(1118, 'CIDADE 1118', 1),
(1221, 'CIDADE 1221', 1),
(1228, 'CIDADE 1228', 1),
(1305, 'CIDADE 1305', 1),
(1325, 'CIDADE 1325', 1),
(1509, 'CIDADE 1509', 1),
(1582, 'CIDADE 1582', 1),
(1650, 'CIDADE 1650', 1),
(1869, 'CIDADE 1869', 1),
(1921, 'CIDADE 1921', 1),
(1975, 'CIDADE 1975', 1),
(2068, 'CIDADE 2068', 1),
(2308, 'CIDADE 2308', 1),
(2367, 'CIDADE 2367', 1),
(2402, 'CIDADE 2402', 1),
(2799, 'CIDADE 2799', 1),
(2871, 'CIDADE 2871', 1),
(2964, 'CIDADE 2964', 1);

-- --------------------------------------------------------

--
-- Estrutura da tabela usempresa_prop
--

CREATE TABLE IF NOT EXISTS usempresa_prop (
  id_empresa_prop int(10) NOT NULL,
  PRIMARY KEY (id_empresa_prop)
) ENGINE=InnoDB DEFAULT CHARSET=latin1;

--
-- Extraindo dados da tabela usempresa_prop
--

INSERT INTO usempresa_prop (id_empresa_prop) VALUES
(1),
(2),
(10),
(11),
(21),
(30),
(31),
(40),
(41),
(42),
(44),
(47);

-- --------------------------------------------------------

--
-- Estrutura da tabela usestado
--

CREATE TABLE IF NOT EXISTS usestado (
  id_estado int(10) NOT NULL AUTO_INCREMENT,
  nome varchar(75) DEFAULT NULL,
  uf varchar(5) DEFAULT NULL,
  pais int(7) DEFAULT NULL,
  PRIMARY KEY (id_estado),
  KEY fk_Estado_pais (pais)
) ENGINE=InnoDB  DEFAULT CHARSET=latin1 AUTO_INCREMENT=28 ;

--
-- Extraindo dados da tabela usestado
--

INSERT INTO usestado (id_estado, nome, uf, pais) VALUES
(1, 'ESTADO DEMONSTRAÇÃO', 'ED', 1);

-- --------------------------------------------------------

--
-- Estrutura da tabela usfilial
--

CREATE TABLE IF NOT EXISTS usfilial (
  id_filial int(10) NOT NULL,
  PRIMARY KEY (id_filial)
) ENGINE=InnoDB DEFAULT CHARSET=latin1;

--
-- Extraindo dados da tabela usfilial
--

INSERT INTO usfilial (id_filial) VALUES
(3711),
(10323),
(18853),
(20020),
(23688),
(35210),
(43309),
(44234),
(44597),
(49915),
(51239),
(54595),
(59244),
(59275),
(89840),
(96291),
(98992),
(99602),
(99870);

-- --------------------------------------------------------

--
-- Estrutura da tabela uspais
--

CREATE TABLE IF NOT EXISTS uspais (
  id_pais int(10) NOT NULL AUTO_INCREMENT,
  nome varchar(60) DEFAULT NULL,
  sigla varchar(10) DEFAULT NULL,
  PRIMARY KEY (id_pais)
) ENGINE=InnoDB  DEFAULT CHARSET=latin1 AUTO_INCREMENT=2 ;

--
-- Extraindo dados da tabela uspais
--

INSERT INTO uspais (id_pais, nome, sigla) VALUES
(1, 'PAIS DEMONSTRAÇÃO', 'PD');

--
-- Restrições para as tabelas dumpadas
--

--
-- Restrições para a tabela amfrete_calculo
--
ALTER TABLE amfrete_calculo
  ADD CONSTRAINT FKAMFRETE_CALCULO_ASUSUARIO FOREIGN KEY (usuario_inst) REFERENCES asusuario (id_usuario),
  ADD CONSTRAINT FKAMFRETE_CALCULO_FAMILIA_PRD FOREIGN KEY (familia_produto) REFERENCES amfrete_familia_produto (id_familia_produto),
  ADD CONSTRAINT FKAMFRETE_CALCULO_FTTRANSPOR FOREIGN KEY (transportadora) REFERENCES fttransportadora (id_filial),
  ADD CONSTRAINT FKAMFRETE_CALCULO_ORIG_DEST FOREIGN KEY (orig_dest) REFERENCES amfrete_orig_dest (id_orig_dest),
  ADD CONSTRAINT FKAMFRETE_CALCULO_USEMP_PROP FOREIGN KEY (empresa_prop) REFERENCES usempresa_prop (id_empresa_prop);

--
-- Restrições para a tabela amfrete_calculo_det
--
ALTER TABLE amfrete_calculo_det
  ADD CONSTRAINT FKAMFR_CALC_DET_AMFR_CALC FOREIGN KEY (calculo) REFERENCES amfrete_calculo (id_calculo),
  ADD CONSTRAINT FKAMFR_CALC_DET_AMFR_PESO FOREIGN KEY (frete_peso) REFERENCES amfrete_peso (id_frete_peso),
  ADD CONSTRAINT FKAMFR_CALC_DET_AMFR_TP_CALC FOREIGN KEY (tp_calc_valor) REFERENCES amfrete_tp_calc_valor (id_tp_calc_valor),
  ADD CONSTRAINT FKAMFR_CALC_DET_AMFR_TP_FAIXA FOREIGN KEY (tp_faixa) REFERENCES amfrete_tp_faixa (id_tp_faixa),
  ADD CONSTRAINT FKAMFR_CALC_DET_AMFR_VARIAVEL FOREIGN KEY (frete_variavel) REFERENCES amfrete_variavel (id_frete_variavel),
  ADD CONSTRAINT FKAMFR_CALC_DET_ASUSUARIO FOREIGN KEY (usuario_inst) REFERENCES asusuario (id_usuario);

--
-- Restrições para a tabela amfrete_controle
--
ALTER TABLE amfrete_controle
  ADD CONSTRAINT FKAMFRETE_CONT_ASUSUARIO FOREIGN KEY (usuario_inst) REFERENCES asusuario (id_usuario);

--
-- Restrições para a tabela amfrete_orig_dest
--
ALTER TABLE amfrete_orig_dest
  ADD CONSTRAINT FKAMFRETE_ORIG_DEST_ASUSUARIO FOREIGN KEY (usuario_inst) REFERENCES asusuario (id_usuario),
  ADD CONSTRAINT FKAMFRETE_ORIG_DEST_ASUSUARIO1 FOREIGN KEY (usuario_inst) REFERENCES asusuario (id_usuario),
  ADD CONSTRAINT FKAMFRETE_ORIG_DEST_FTTRANSP FOREIGN KEY (transportadora) REFERENCES fttransportadora (id_filial),
  ADD CONSTRAINT FKAMFRETE_ORIG_DEST_USCD_DEST FOREIGN KEY (cidade_dest) REFERENCES uscidade (id_cidade),
  ADD CONSTRAINT FKAMFRETE_ORIG_DEST_USCD_ORIG FOREIGN KEY (cidade_orig) REFERENCES uscidade (id_cidade),
  ADD CONSTRAINT FKAMFRETE_ORIG_DEST_USEMP_PRO FOREIGN KEY (empresa_prop) REFERENCES usempresa_prop (id_empresa_prop);

--
-- Restrições para a tabela amfrete_peso
--
ALTER TABLE amfrete_peso
  ADD CONSTRAINT FKAMFR_PESO_AMFR_TAB_TRAN FOREIGN KEY (frete_tab_transp) REFERENCES amfrete_tab_transp (id_frete_tab_transp),
  ADD CONSTRAINT FKAMFR_PESO_ASUSUARIO FOREIGN KEY (usuario_inst) REFERENCES asusuario (id_usuario),
  ADD CONSTRAINT FKAMFR_PESO_USCIDADE FOREIGN KEY (cidade) REFERENCES uscidade (id_cidade);

--
-- Restrições para a tabela amfrete_tab_emp
--
ALTER TABLE amfrete_tab_emp
  ADD CONSTRAINT FKAMFR_TAB_TR_VAR_AMFR_TB_TR FOREIGN KEY (frete_tab_transp) REFERENCES amfrete_tab_transp (id_frete_tab_transp),
  ADD CONSTRAINT FKAMFR_TAB_TR_VAR_ASUSUARIO FOREIGN KEY (usuario_inst) REFERENCES asusuario (id_usuario),
  ADD CONSTRAINT FKAMFR_TAB_TR_VAR_USEMP_PROP FOREIGN KEY (empresa_prop) REFERENCES usempresa_prop (id_empresa_prop);

--
-- Restrições para a tabela amfrete_tab_filial
--
ALTER TABLE amfrete_tab_filial
  ADD CONSTRAINT amfrete_tab_filial_ibfk_1 FOREIGN KEY (filial) REFERENCES fttransportadora (id_filial),
  ADD CONSTRAINT FKAMFR_TAB_FIL_VAR_AMFR_TB_TR FOREIGN KEY (frete_tab_transp) REFERENCES amfrete_tab_transp (id_frete_tab_transp),
  ADD CONSTRAINT FKAMFR_TAB_FIL_VAR_ASUSUARIO FOREIGN KEY (usuario_inst) REFERENCES asusuario (id_usuario);

--
-- Restrições para a tabela amfrete_tab_transp
--
ALTER TABLE amfrete_tab_transp
  ADD CONSTRAINT FKAMFR_TAB_TRAN_AMFR_FAM_PROD FOREIGN KEY (familia_produto) REFERENCES amfrete_familia_produto (id_familia_produto),
  ADD CONSTRAINT FKAMFR_TAB_TRAN_AMFR_TP_CAL_EX FOREIGN KEY (tp_calc_vlr_kg_exced) REFERENCES amfrete_tp_calc_valor (id_tp_calc_valor),
  ADD CONSTRAINT FKAMFR_TAB_TRAN_AMFR_TP_CAL_VL FOREIGN KEY (tp_calc_vlr_frete) REFERENCES amfrete_tp_calc_valor (id_tp_calc_valor),
  ADD CONSTRAINT FKAMFR_TAB_TRAN_ASUSUARIO FOREIGN KEY (usuario_inst) REFERENCES asusuario (id_usuario),
  ADD CONSTRAINT FKAMFR_TAB_TRAN_FTTRANSPORTAD FOREIGN KEY (transportadora) REFERENCES fttransportadora (id_filial);

--
-- Restrições para a tabela amfrete_tab_transp_valor_var
--
ALTER TABLE amfrete_tab_transp_valor_var
  ADD CONSTRAINT amfrete_tab_transp_valor_var_ibfk_1 FOREIGN KEY (tp_calc_valor) REFERENCES amfrete_tp_calc_valor (id_tp_calc_valor),
  ADD CONSTRAINT amfrete_tab_transp_valor_var_ibfk_2 FOREIGN KEY (usuario_inst) REFERENCES asusuario (id_usuario),
  ADD CONSTRAINT amfrete_tab_transp_valor_var_ibfk_3 FOREIGN KEY (cidade) REFERENCES uscidade (id_cidade),
  ADD CONSTRAINT FKAMFR_TAB_VL_VAR_AMFR_TAB_TR FOREIGN KEY (frete_tab_transp, frete_variavel) REFERENCES amfrete_tab_transp_var (frete_tab_transp, frete_variavel);

--
-- Restrições para a tabela amfrete_tab_transp_var
--
ALTER TABLE amfrete_tab_transp_var
  ADD CONSTRAINT amfrete_tab_transp_var_ibfk_1 FOREIGN KEY (frete_tab_transp) REFERENCES amfrete_tab_transp (id_frete_tab_transp),
  ADD CONSTRAINT amfrete_tab_transp_var_ibfk_2 FOREIGN KEY (frete_variavel) REFERENCES amfrete_variavel (id_frete_variavel),
  ADD CONSTRAINT amfrete_tab_transp_var_ibfk_3 FOREIGN KEY (tp_faixa) REFERENCES amfrete_tp_faixa (id_tp_faixa),
  ADD CONSTRAINT amfrete_tab_transp_var_ibfk_4 FOREIGN KEY (tp_calc_valor) REFERENCES amfrete_tp_calc_valor (id_tp_calc_valor),
  ADD CONSTRAINT amfrete_tab_transp_var_ibfk_5 FOREIGN KEY (usuario_inst) REFERENCES asusuario (id_usuario);

--
-- Restrições para a tabela uscidade
--
ALTER TABLE uscidade
  ADD CONSTRAINT FKUSCIDADE_USESTADO FOREIGN KEY (estado) REFERENCES usestado (id_estado);

--
-- Restrições para a tabela usestado
--
ALTER TABLE usestado
  ADD CONSTRAINT FKUSESTADO_USPAIS FOREIGN KEY (pais) REFERENCES uspais (id_pais);

/*!40101 SET CHARACTER_SET_CLIENT=@OLD_CHARACTER_SET_CLIENT */;
/*!40101 SET CHARACTER_SET_RESULTS=@OLD_CHARACTER_SET_RESULTS */;
/*!40101 SET COLLATION_CONNECTION=@OLD_COLLATION_CONNECTION */;
